"32876","# doc = Skazka.2.txt","","","","","","","","","","","","","","","",""
"32877","# speaker = R","","","","","","","","","","","","","","","",""
"32878","# sent = 2526","","","","","","","","","","","","","","","",""
"32879","","–ú–µ–Ω—è","–Ø","SPRO sg 1p - acc","","","   _–ú–µ–Ω—è_ –∑–æ–≤—É—Ç –†–∏–º–º–∞ –ù–∏–∫–æ–ª–∞–µ–≤–Ω–∞","—è","–Ω","–µ","–º","","","SPRO","–Ø","SPRO sg 1p - acc","Ø"
"32880","","–∑–æ–≤—É—Ç","–ó–í–ê–¢–¨","V ipf praes pl indic - 3p","","","  –ú–µ–Ω—è _–∑–æ–≤—É—Ç_ –†–∏–º–º–∞ –ù–∏–∫–æ–ª–∞–µ–≤–Ω–∞ .","—Ç","—É","–≤","–æ","–∑","","V","–ó–í–ê–¢–¨","V ipf praes pl indic - 3p","¨"
"32881","","–†–∏–º–º–∞","–†–ò–ú–ú–ê","S persn f anim","",""," –ú–µ–Ω—è –∑–æ–≤—É—Ç _–†–∏–º–º–∞_ –ù–∏–∫–æ–ª–∞–µ–≤–Ω–∞ . ","–∞","–º","–º","–∏","—Ä","","S","–†–ò–ú–ú–ê","S f anim nom sg","ê"
"32882","","–ù–∏–∫–æ–ª–∞–µ–≤–Ω–∞","–ù–ò–ö–û–õ–ê–ï–í–ù–ê","S patrn f anim","","","–ú–µ–Ω—è –∑–æ–≤—É—Ç –†–∏–º–º–∞ _–ù–∏–∫–æ–ª–∞–µ–≤–Ω–∞_ .  ","–∞","–Ω","–≤","–µ","–∞","–ª","S","–ù–ò–ö–û–õ–ê–ï–í–ù–ê","S f anim nom sg","ê"
"32883","",".",".","PUNCT","","","","","","","","","","PUNCT","","",""
"32884","","","","","","","","","","","","","","","","",""
"32885","# sent = 2527","","","","","","","","","","","","","","","",""
"32886","","–ò","–ò","CONJ","","",".   _–ò_ –≤–æ—Ç —è –∫–æ–Ω—á–∏–ª–∞","–∏","","","","","","CONJ","–ò","CONJ","ò"
"32887","","–≤–æ—Ç","–í–û–¢","PART","","","  –ò _–≤–æ—Ç_ —è –∫–æ–Ω—á–∏–ª–∞ –ö–æ—Å—Ç—Ä–æ–º—Å–∫–æ–µ","—Ç","–æ","–≤","","","","PART","–í–û–¢","PART","¢"
"32888","","—è","–Ø","SPRO sg 1p - nom","",""," –ò –≤–æ—Ç _—è_ –∫–æ–Ω—á–∏–ª–∞ –ö–æ—Å—Ç—Ä–æ–º—Å–∫–æ–µ –º–µ–¥–∏—Ü–∏–Ω—Å–∫–æ–µ","—è","","","","","","SPRO","–Ø","SPRO sg 1p - nom","Ø"
"32889","","–∫–æ–Ω—á–∏–ª–∞","–ö–û–ù–ß–ò–¢–¨","V pf praet sg indic f -","","","–ò –≤–æ—Ç —è _–∫–æ–Ω—á–∏–ª–∞_ –ö–æ—Å—Ç—Ä–æ–º—Å–∫–æ–µ –º–µ–¥–∏—Ü–∏–Ω—Å–∫–æ–µ —É—á–∏–ª–∏—â–µ","–∞","–ª","–∏","—á","–Ω","–æ","V","–ö–û–ù–ß–ò–¢–¨","V pf praet sg indic f -","¨"
"32890","","–ö–æ—Å—Ç—Ä–æ–º—Å–∫–æ–µ","–ö–û–°–¢–†–û–ú–°–ö–û–ô","A - acc sg plen n -","","","–≤–æ—Ç —è –∫–æ–Ω—á–∏–ª–∞ _–ö–æ—Å—Ç—Ä–æ–º—Å–∫–æ–µ_ –º–µ–¥–∏—Ü–∏–Ω—Å–∫–æ–µ —É—á–∏–ª–∏—â–µ ,","–µ","–æ","–∫","—Å","–º","–æ","A","–ö–û–°–¢–†–û–ú–°–ö–û–ô","A - acc sg plen n -","ô"
"32891","","–º–µ–¥–∏—Ü–∏–Ω—Å–∫–æ–µ","–ú–ï–î–ò–¶–ò–ù–°–ö–ò–ô","A - acc sg plen n inan","","","—è –∫–æ–Ω—á–∏–ª–∞ –ö–æ—Å—Ç—Ä–æ–º—Å–∫–æ–µ _–º–µ–¥–∏—Ü–∏–Ω—Å–∫–æ–µ_ —É—á–∏–ª–∏—â–µ , –≤–æ—Ç","–µ","–æ","–∫","—Å","–Ω","–∏","A","–ú–ï–î–ò–¶–ò–ù–°–ö–ò–ô","A - acc sg plen n inan","ô"
"32892","","—É—á–∏–ª–∏—â–µ","–£–ß–ò–õ–ò–©–ï","S n inan acc sg","","","–∫–æ–Ω—á–∏–ª–∞ –ö–æ—Å—Ç—Ä–æ–º—Å–∫–æ–µ –º–µ–¥–∏—Ü–∏–Ω—Å–∫–æ–µ _—É—á–∏–ª–∏—â–µ_ , –≤–æ—Ç ,","–µ","—â","–∏","–ª","–∏","—á","S","–£–ß–ò–õ–ò–©–ï","S n inan acc sg","ï"
"32893","",",",",","PUNCT","","","","","","","","","","PUNCT","","",""
"32894","","–≤–æ—Ç","–í–û–¢","PART","","","–º–µ–¥–∏—Ü–∏–Ω—Å–∫–æ–µ —É—á–∏–ª–∏—â–µ , _–≤–æ—Ç_ , –∏ ,","—Ç","–æ","–≤","","","","PART","–í–û–¢","PART","¢"
"32895","",",",",","PUNCT","","","","","","","","","","PUNCT","","",""
"32896","","–∏","–ò","CONJ","","",", –≤–æ—Ç , _–∏_ , –ø–æ—Ç–æ–º –º—ã","–∏","","","","","","CONJ","–ò","CONJ","ò"
"32897","",",",",","PUNCT","","","","","","","","","","PUNCT","","",""
"32898","","–ø–æ—Ç–æ–º","–ü–û–¢–û–ú","ADV -","","",", –∏ , _–ø–æ—Ç–æ–º_ –º—ã —ç–º –ø–µ—Ä–µ–µ—Ö–∞–ª–∏","–º","–æ","—Ç","–æ","–ø","","ADV","–ü–û–¢–û–ú","ADV -","ú"
"32899","","–º—ã","–ú–´","SPRO pl 1p - nom","","","–∏ , –ø–æ—Ç–æ–º _–º—ã_ —ç–º –ø–µ—Ä–µ–µ—Ö–∞–ª–∏ —Å—é–¥–∞","—ã","–º","","","","","SPRO","–ú–´","SPRO pl 1p - nom","´"
"32900","","—ç–º","–≠–ú","INTJ","","",", –ø–æ—Ç–æ–º –º—ã _—ç–º_ –ø–µ—Ä–µ–µ—Ö–∞–ª–∏ —Å—é–¥–∞ –≤","–º","—ç","","","","","INTJ","–≠–ú","S n inan nonflex -","ú"
"32901","","–ø–µ—Ä–µ–µ—Ö–∞–ª–∏","–ü–ï–†–ï–ï–•–ê–¢–¨","V pf praet pl indic - -","","","–ø–æ—Ç–æ–º –º—ã —ç–º _–ø–µ—Ä–µ–µ—Ö–∞–ª–∏_ —Å—é–¥–∞ –≤ –ë–µ–ª–∞—Ä—É—Å—å—é","–∏","–ª","–∞","—Ö","–µ","–µ","V","–ü–ï–†–ï–ï–•–ê–¢–¨","V pf praet pl indic - -","¨"
"32902","","—Å—é–¥–∞","–°–Æ–î–ê","ADV -","","","–º—ã —ç–º –ø–µ—Ä–µ–µ—Ö–∞–ª–∏ _—Å—é–¥–∞_ –≤ –ë–µ–ª–∞—Ä—É—Å—å—é —Å","–∞","–¥","—é","—Å","","","ADV","–°–Æ–î–ê","ADV -","ê"
"32903","","–≤","–í","PR","","","—ç–º –ø–µ—Ä–µ–µ—Ö–∞–ª–∏ —Å—é–¥–∞ _–≤_ –ë–µ–ª–∞—Ä—É—Å—å—é —Å –º—É–∂–µ–º","–≤","","","","","","PR","–í","PR","í"
"32904","","–ë–µ–ª–∞—Ä—É—Å—å—é","–ë–ï–õ–ê–†–£–°–¨","S f inan sg","distort","","–ø–µ—Ä–µ–µ—Ö–∞–ª–∏ —Å—é–¥–∞ –≤ _–ë–µ–ª–∞—Ä—É—Å—å—é_ —Å –º—É–∂–µ–º .","—é","—å","—Å","—É","—Ä","–∞","S","–ë–ï–õ–ê–†–£–°–¨","S m inan loc sg","¨"
"32905","","—Å","–°","PR","","","—Å—é–¥–∞ –≤ –ë–µ–ª–∞—Ä—É—Å—å—é _—Å_ –º—É–∂–µ–º . ","—Å","","","","","","PR","–°","PR","°"
"32906","","–º—É–∂–µ–º","–ú–£–ñ","S m anim ins sg","","","–≤ –ë–µ–ª–∞—Ä—É—Å—å—é —Å _–º—É–∂–µ–º_ .  ","–º","–µ","–∂","—É","–º","","S","–ú–£–ñ","S m anim ins sg","ñ"
"32907","",".",".","PUNCT","","","","","","","","","","PUNCT","","",""
"32908","","","","","","","","","","","","","","","","",""
"32909","# sent = 2528","","","","","","","","","","","","","","","",""
"32910","","–ò","–ò","CONJ","","",".   _–ò_ –≤–æ—Ç , –∑–Ω–∞—á–∏—Ç","–∏","","","","","","CONJ","–ò","CONJ","ò"
"32911","","–≤–æ—Ç","–í–û–¢","PART","","","  –ò _–≤–æ—Ç_ , –∑–Ω–∞—á–∏—Ç ,","—Ç","–æ","–≤","","","","PART","–í–û–¢","PART","¢"
"32912","",",",",","PUNCT","","","","","","","","","","PUNCT","","",""
"32913","","–∑–Ω–∞—á–∏—Ç","–ó–ù–ê–ß–ò–¢","PARENTH ","","","–ò –≤–æ—Ç , _–∑–Ω–∞—á–∏—Ç_ , —è –∑–¥–µ—Å—å","—Ç","–∏","—á","–∞","–Ω","–∑","ADV","–ó–ù–ê–ß–ò–¢","ADV -","¢"
"32914","",",",",","PUNCT","","","","","","","","","","PUNCT","","",""
"32915","","—è","–Ø","SPRO sg 1p - nom","","",", –∑–Ω–∞—á–∏—Ç , _—è_ –∑–¥–µ—Å—å , –≤","—è","","","","","","SPRO","–Ø","SPRO sg 1p - nom","Ø"
"32916","","–∑–¥–µ—Å—å","–ó–î–ï–°–¨","ADV -","","","–∑–Ω–∞—á–∏—Ç , —è _–∑–¥–µ—Å—å_ , –≤ –ë–µ–ª–∞—Ä—É—Å—å—é","—å","—Å","–µ","–¥","–∑","","ADV","–ó–î–ï–°–¨","ADV -","¨"
"32917","",",",",","PUNCT","","","","","","","","","","PUNCT","","",""
"32918","","–≤","–í","PR","","","—è –∑–¥–µ—Å—å , _–≤_ –ë–µ–ª–∞—Ä—É—Å—å—é , –ú–æ–∑—ã—Ä—å","–≤","","","","","","PR","–í","PR","í"
"32919","","–ë–µ–ª–∞—Ä—É—Å—å—é","–ë–ï–õ–ê–†–£–°–¨","S f inan sg","distort","","–∑–¥–µ—Å—å , –≤ _–ë–µ–ª–∞—Ä—É—Å—å—é_ , –ú–æ–∑—ã—Ä—å ,","—é","—å","—Å","—É","—Ä","–∞","S","–ë–ï–õ–ê–†–£–°–¨","S f inan ins sg","¨"
"32920","",",",",","PUNCT","","","","","","","","","","PUNCT","","",""
"32921","","–ú–æ–∑—ã—Ä—å","–ú–û–ó–´–†–¨","S m inan sg","","","–≤ –ë–µ–ª–∞—Ä—É—Å—å—é , _–ú–æ–∑—ã—Ä—å_ , –∫–æ–Ω—á–∏–ª–∞ –¥–≤–∞","—å","—Ä","—ã","–∑","–æ","–º","S","–ú–û–ó–´–†–¨","S m inan acc sg","¨"
"32922","",",",",","PUNCT","","","","","","","","","","PUNCT","","",""
"32923","","–∫–æ–Ω—á–∏–ª–∞","–ö–û–ù–ß–ò–¢–¨","V pf praet sg indic f -","","",", –ú–æ–∑—ã—Ä—å , _–∫–æ–Ω—á–∏–ª–∞_ –¥–≤–∞ –∫—É—Ä—Å–∞ –ø–µ–¥–∏–Ω—Å—Ç–∏—Ç—É—Ç–∞","–∞","–ª","–∏","—á","–Ω","–æ","V","–ö–û–ù–ß–ò–¢–¨","V pf praet sg indic f -","¨"
"32924","","–¥–≤–∞","–î–í–ê","NUM acc m inan","","","–ú–æ–∑—ã—Ä—å , –∫–æ–Ω—á–∏–ª–∞ _–¥–≤–∞_ –∫—É—Ä—Å–∞ –ø–µ–¥–∏–Ω—Å—Ç–∏—Ç—É—Ç–∞ –∏","–∞","–≤","–¥","","","","NUM","–î–í–ê","NUM acc m inan","ê"
"32925","","–∫—É—Ä—Å–∞","–ö–£–†–°","S m inan gen sg","","",", –∫–æ–Ω—á–∏–ª–∞ –¥–≤–∞ _–∫—É—Ä—Å–∞_ –ø–µ–¥–∏–Ω—Å—Ç–∏—Ç—É—Ç–∞ –∏ —ç","–∞","—Å","—Ä","—É","–∫","","S","–ö–£–†–°","S m inan gen sg","°"
"32926","","–ø–µ–¥–∏–Ω—Å—Ç–∏—Ç—É—Ç–∞","–ü–ï–î–ò–ù–°–¢–ò–¢–£–¢","S m inan gen sg","","","–∫–æ–Ω—á–∏–ª–∞ –¥–≤–∞ –∫—É—Ä—Å–∞ _–ø–µ–¥–∏–Ω—Å—Ç–∏—Ç—É—Ç–∞_ –∏ —ç –ø–æ—à–ª–∞","–∞","—Ç","—É","—Ç","–∏","—Ç","S","–ü–ï–î–ò–ù–°–¢–ò–¢–£–¢","S m inan gen sg","¢"
"32927","","–∏","–ò","CONJ","","","–¥–≤–∞ –∫—É—Ä—Å–∞ –ø–µ–¥–∏–Ω—Å—Ç–∏—Ç—É—Ç–∞ _–∏_ —ç –ø–æ—à–ª–∞ –Ω–∞","–∏","","","","","","CONJ","–ò","CONJ","ò"
"32928","","—ç","–≠","INTJ","","","–∫—É—Ä—Å–∞ –ø–µ–¥–∏–Ω—Å—Ç–∏—Ç—É—Ç–∞ –∏ _—ç_ –ø–æ—à–ª–∞ –Ω–∞ —Ä–∞–±–æ—Ç—É","—ç","","","","","","INTJ","–≠","S f inan nonflex -","≠"
"32929","","–ø–æ—à–ª–∞","–ü–û–ô–¢–ò","V pf praet sg indic f -","","","–ø–µ–¥–∏–Ω—Å—Ç–∏—Ç—É—Ç–∞ –∏ —ç _–ø–æ—à–ª–∞_ –Ω–∞ —Ä–∞–±–æ—Ç—É –≤","–∞","–ª","—à","–æ","–ø","","V","–ü–û–ô–¢–ò","V pf praet sg indic f -","ò"
"32930","","–Ω–∞","–ù–ê","PR","","","–∏ —ç –ø–æ—à–ª–∞ _–Ω–∞_ —Ä–∞–±–æ—Ç—É –≤ —à–∫–æ–ª—É","–∞","–Ω","","","","","PR","–ù–ê","PR","ê"
"32931","","—Ä–∞–±–æ—Ç—É","–†–ê–ë–û–¢–ê","S f inan acc sg","","","—ç –ø–æ—à–ª–∞ –Ω–∞ _—Ä–∞–±–æ—Ç—É_ –≤ —à–∫–æ–ª—É -","—É","—Ç","–æ","–±","–∞","—Ä","S","–†–ê–ë–û–¢–ê","S f inan acc sg","ê"
"32932","","–≤","–í","PR","","","–ø–æ—à–ª–∞ –Ω–∞ —Ä–∞–±–æ—Ç—É _–≤_ —à–∫–æ–ª—É - –∏–Ω—Ç–µ—Ä–Ω–∞—Ç","–≤","","","","","","PR","–í","PR","í"
"32933","","—à–∫–æ–ª—É","–®–ö–û–õ–ê","S f inan acc sg","—Å–ª–∏—Ç–Ω–æ","","–Ω–∞ —Ä–∞–±–æ—Ç—É –≤ _—à–∫–æ–ª—É_ - –∏–Ω—Ç–µ—Ä–Ω–∞—Ç –¥–ª—è","—É","–ª","–æ","–∫","—à","","S","–®–ö–û–õ–ê","S f inan acc sg","ê"
"32934","","-","-","PUNCT","","","","","","","","","","PUNCT","","",""
"32935","","–∏–Ω—Ç–µ—Ä–Ω–∞—Ç","–ò–ù–¢–ï–†–ù–ê–¢","S m inan nom sg","","","–≤ —à–∫–æ–ª—É - _–∏–Ω—Ç–µ—Ä–Ω–∞—Ç_ –¥–ª—è —É–º—Å—Ç–≤–µ–Ω–Ω–æ -","—Ç","–∞","–Ω","—Ä","–µ","—Ç","S","–ò–ù–¢–ï–†–ù–ê–¢","S m inan acc sg","¢"
"32936","","–¥–ª—è","–î–õ–Ø","PR","","","—à–∫–æ–ª—É - –∏–Ω—Ç–µ—Ä–Ω–∞—Ç _–¥–ª—è_ —É–º—Å—Ç–≤–µ–Ω–Ω–æ - –æ—Ç—Å—Ç–∞–ª—ã—Ö","—è","–ª","–¥","","","","PR","–î–õ–Ø","PR","Ø"
"32937","","—É–º—Å—Ç–≤–µ–Ω–Ω–æ","–£–ú–°–¢–í–ï–ù–ù–´–ô","A - - sg brev n -","—Ä–∞–∑–¥–µ–ª—å–Ω–æ","","- –∏–Ω—Ç–µ—Ä–Ω–∞—Ç –¥–ª—è _—É–º—Å—Ç–≤–µ–Ω–Ω–æ_ - –æ—Ç—Å—Ç–∞–ª—ã—Ö –¥–µ—Ç–µ–π","–æ","–Ω","–Ω","–µ","–≤","—Ç","A","–£–ú–°–¢–í–ï–ù–ù–´–ô","A - - sg brev n -","ô"
"32938","","-","-","PUNCT","","","","","","","","","","PUNCT","","",""
"32939","","–æ—Ç—Å—Ç–∞–ª—ã—Ö","–û–¢–°–¢–ê–õ–´–ô","A - gen pl plen - -","","","–¥–ª—è —É–º—Å—Ç–≤–µ–Ω–Ω–æ - _–æ—Ç—Å—Ç–∞–ª—ã—Ö_ –¥–µ—Ç–µ–π . ","—Ö","—ã","–ª","–∞","—Ç","—Å","A","–û–¢–°–¢–ê–õ–´–ô","A - gen pl plen - -","ô"
"32940","","–¥–µ—Ç–µ–π","–†–ï–ë–ï–ù–û–ö","S m anim gen pl","","","—É–º—Å—Ç–≤–µ–Ω–Ω–æ - –æ—Ç—Å—Ç–∞–ª—ã—Ö _–¥–µ—Ç–µ–π_ .  ","–π","–µ","—Ç","–µ","–¥","","S","–†–ï–ë–ï–ù–û–ö","S m anim gen pl","ö"
"32941","",".",".","PUNCT","","","","","","","","","","PUNCT","","",""
"32942","","","","","","","","","","","","","","","","",""
"32943","# sent = 2529","","","","","","","","","","","","","","","",""
"32944","","–¢–∞–º","–¢–ê–ú","ADV -","","",".   _–¢–∞–º_ —è —ç—ç –∏–Ω–æ–≥–¥–∞","–º","–∞","—Ç","","","","ADV","–¢–ê–ú","ADV -","ú"
"32945","","—è","–Ø","SPRO sg 1p - nom","","","  –¢–∞–º _—è_ —ç—ç –∏–Ω–æ–≥–¥–∞ –ø–æ–¥—Ä–∞–±–∞—Ç—ã–≤–∞–ª–∞","—è","","","","","","SPRO","–Ø","SPRO sg 1p - nom","Ø"
"32946","","—ç—ç","–≠–≠","NONLEX","",""," –¢–∞–º —è _—ç—ç_ –∏–Ω–æ–≥–¥–∞ –ø–æ–¥—Ä–∞–±–∞—Ç—ã–≤–∞–ª–∞ –ø–µ–¥–∞–≥–æ–≥–æ–º","—ç","—ç","","","","","NONLEX","–≠–≠","NONLEX","≠"
"32947","","–∏–Ω–æ–≥–¥–∞","–ò–ù–û–ì–î–ê","ADV -","","","–¢–∞–º —è —ç—ç _–∏–Ω–æ–≥–¥–∞_ –ø–æ–¥—Ä–∞–±–∞—Ç—ã–≤–∞–ª–∞ –ø–µ–¥–∞–≥–æ–≥–æ–º ,","–∞","–¥","–≥","–æ","–Ω","–∏","ADV","–ò–ù–û–ì–î–ê","ADV -","ê"
"32948","","–ø–æ–¥—Ä–∞–±–∞—Ç—ã–≤–∞–ª–∞","–ü–û–î–†–ê–ë–ê–¢–´–í–ê–¢–¨","V ipf praet sg indic f -","","","—è —ç—ç –∏–Ω–æ–≥–¥–∞ _–ø–æ–¥—Ä–∞–±–∞—Ç—ã–≤–∞–ª–∞_ –ø–µ–¥–∞–≥–æ–≥–æ–º , –Ω—É","–∞","–ª","–∞","–≤","—ã","—Ç","V","–ü–û–î–†–ê–ë–ê–¢–´–í–ê–¢–¨","V ipf praet sg indic f -","¨"
"32949","","–ø–µ–¥–∞–≥–æ–≥–æ–º","–ü–ï–î–ê–ì–û–ì","S m anim ins sg","","","—ç—ç –∏–Ω–æ–≥–¥–∞ –ø–æ–¥—Ä–∞–±–∞—Ç—ã–≤–∞–ª–∞ _–ø–µ–¥–∞–≥–æ–≥–æ–º_ , –Ω—É ,","–º","–æ","–≥","–æ","–≥","–∞","S","–ü–ï–î–ê–ì–û–ì","S m anim ins sg","ì"
"32950","",",",",","PUNCT","","","","","","","","","","PUNCT","","",""
"32951","","–Ω—É","–ù–£","PART","","","–ø–æ–¥—Ä–∞–±–∞—Ç—ã–≤–∞–ª–∞ –ø–µ–¥–∞–≥–æ–≥–æ–º , _–Ω—É_ , –≤ —Ç–µ—Ö","—É","–Ω","","","","","PART","–ù–£","PART","£"
"32952","",",",",","PUNCT","","","","","","","","","","PUNCT","","",""
"32953","","–≤","–í","PR","","",", –Ω—É , _–≤_ —Ç–µ—Ö —Å–ª—É—á–∞—è—Ö ,","–≤","","","","","","PR","–í","PR","í"
"32954","","—Ç–µ—Ö","–¢–û–¢","APRO - loc pl plen - -","","","–Ω—É , –≤ _—Ç–µ—Ö_ —Å–ª—É—á–∞—è—Ö , —Ç–∞–º","—Ö","–µ","—Ç","","","","APRO","–¢–û–¢","A - loc pl plen - -","¢"
"32955","","—Å–ª—É—á–∞—è—Ö","–°–õ–£–ß–ê–ô","S m inan loc pl","","",", –≤ —Ç–µ—Ö _—Å–ª—É—á–∞—è—Ö_ , —Ç–∞–º ,","—Ö","—è","–∞","—á","—É","–ª","S","–°–õ–£–ß–ê–ô","S m inan loc pl","ô"
"32956","",",",",","PUNCT","","","","","","","","","","PUNCT","","",""
"32957","","—Ç–∞–º","–¢–ê–ú","ADV -","","","—Ç–µ—Ö —Å–ª—É—á–∞—è—Ö , _—Ç–∞–º_ , –∫–æ–≥–¥–∞ ,","–º","–∞","—Ç","","","","ADV","–¢–ê–ú","ADV -","ú"
"32958","",",",",","PUNCT","","","","","","","","","","PUNCT","","",""
"32959","","–∫–æ–≥–¥–∞","–ö–û–ì–î–ê","ADV -","","",", —Ç–∞–º , _–∫–æ–≥–¥–∞_ , —ç–º–º —É—á–∏—Ç–µ–ª—å–Ω–∏—Ü–∞","–∞","–¥","–≥","–æ","–∫","","ADV","–ö–û–ì–î–ê","ADV -","ê"
"32960","",",",",","PUNCT","","","","","","","","","","PUNCT","","",""
"32961","","—ç–º–º","–≠–ú","INTJ","","",", –∫–æ–≥–¥–∞ , _—ç–º–º_ —É—á–∏—Ç–µ–ª—å–Ω–∏—Ü–∞ —Ç–æ –∑–∞–±–æ–ª–µ–µ—Ç","–º","–º","—ç","","","","S","–≠–ú–ú–ê","S f anim acc pl","ú"
"32962","","—É—á–∏—Ç–µ–ª—å–Ω–∏—Ü–∞","–£–ß–ò–¢–ï–õ–¨–ù–ò–¶–ê","S f anim nom sg","","","–∫–æ–≥–¥–∞ , —ç–º–º _—É—á–∏—Ç–µ–ª—å–Ω–∏—Ü–∞_ —Ç–æ –∑–∞–±–æ–ª–µ–µ—Ç ,","–∞","—Ü","–∏","–Ω","—å","–ª","S","–£–ß–ò–¢–ï–õ–¨–ù–ò–¶–ê","S f anim nom sg","ê"
"32963","","—Ç–æ","–¢–û","CONJ","","",", —ç–º–º —É—á–∏—Ç–µ–ª—å–Ω–∏—Ü–∞ _—Ç–æ_ –∑–∞–±–æ–ª–µ–µ—Ç , —Ç–æ","–æ","—Ç","","","","","SPRO","–¢–û","S n - nom sg","û"
"32964","","–∑–∞–±–æ–ª–µ–µ—Ç","–ó–ê–ë–û–õ–ï–¢–¨","V pf fut sg indic - 3p","","","—ç–º–º —É—á–∏—Ç–µ–ª—å–Ω–∏—Ü–∞ —Ç–æ _–∑–∞–±–æ–ª–µ–µ—Ç_ , —Ç–æ ,","—Ç","–µ","–µ","–ª","–æ","–±","V","–ó–ê–ë–û–õ–ï–¢–¨","V pf fut sg indic - 3p","¨"
"32965","",",",",","PUNCT","","","","","","","","","","PUNCT","","",""
"32966","","—Ç–æ","–¢–û","CONJ","","","—Ç–æ –∑–∞–±–æ–ª–µ–µ—Ç , _—Ç–æ_ , –∑–Ω–∞—á–∏—Ç ,","–æ","—Ç","","","","","CONJ","–¢–û","CONJ","û"
"32967","",",",",","PUNCT","","","","","","","","","","PUNCT","","",""
"32968","","–∑–Ω–∞—á–∏—Ç","–ó–ù–ê–ß–ò–¢","PARENTH ","","",", —Ç–æ , _–∑–Ω–∞—á–∏—Ç_ , –∫–∞—Ä—Ç–æ—à–∫—É –∫–æ–ø–∞—Ç—å","—Ç","–∏","—á","–∞","–Ω","–∑","ADV","–ó–ù–ê–ß–ò–¢","ADV -","¢"
"32969","",",",",","PUNCT","","","","","","","","","","PUNCT","","",""
"32970","","–∫–∞—Ä—Ç–æ—à–∫—É","–ö–ê–†–¢–û–®–ö–ê","S f inan acc sg","","",", –∑–Ω–∞—á–∏—Ç , _–∫–∞—Ä—Ç–æ—à–∫—É_ –∫–æ–ø–∞—Ç—å . ","—É","–∫","—à","–æ","—Ç","—Ä","S","–ö–ê–†–¢–û–®–ö–ê","S f inan acc sg","ê"
"32971","","–∫–æ–ø–∞—Ç—å","–ö–û–ü–ê–¢–¨","V ipf - - inf - -","","","–∑–Ω–∞—á–∏—Ç , –∫–∞—Ä—Ç–æ—à–∫—É _–∫–æ–ø–∞—Ç—å_ .  ","—å","—Ç","–∞","–ø","–æ","–∫","V","–ö–û–ü–ê–¢–¨","V ipf - - inf - -","¨"
"32972","",".",".","PUNCT","","","","","","","","","","PUNCT","","",""
"32973","","","","","","","","","","","","","","","","",""
"32974","# sent = 2530","","","","","","","","","","","","","","","",""
"32975","","–ò","–ò","CONJ","","",".   _–ò_ –≤–æ—Ç –º–Ω–µ –≤—Å–ø–æ–º–∏–Ω–∞–µ—Ç—Å—è","–∏","","","","","","CONJ","–ò","CONJ","ò"
"32976","","–≤–æ—Ç","–í–û–¢","PART","","","  –ò _–≤–æ—Ç_ –º–Ω–µ –≤—Å–ø–æ–º–∏–Ω–∞–µ—Ç—Å—è ,","—Ç","–æ","–≤","","","","PART","–í–û–¢","PART","¢"
"32977","","–º–Ω–µ","–Ø","SPRO sg 1p - dat","",""," –ò –≤–æ—Ç _–º–Ω–µ_ –≤—Å–ø–æ–º–∏–Ω–∞–µ—Ç—Å—è , —è","–µ","–Ω","–º","","","","SPRO","–Ø","SPRO sg 1p - dat","Ø"
"32978","","–≤—Å–ø–æ–º–∏–Ω–∞–µ—Ç—Å—è","–í–°–ü–û–ú–ò–ù–ê–¢–¨–°–Ø","V ipf praes sg indic - 3p","","","–ò –≤–æ—Ç –º–Ω–µ _–≤—Å–ø–æ–º–∏–Ω–∞–µ—Ç—Å—è_ , —è —Å","—è","—Å","—Ç","–µ","–∞","–Ω","V","–í–°–ü–û–ú–ò–ù–ê–¢–¨–°–Ø","V ipf praes sg indic - 3p","Ø"
"32979","",",",",","PUNCT","","","","","","","","","","PUNCT","","",""
"32980","","—è","–Ø","SPRO sg 1p - nom","","","–º–Ω–µ –≤—Å–ø–æ–º–∏–Ω–∞–µ—Ç—Å—è , _—è_ —Å —É–¥–æ–≤–æ–ª—å—Å—Ç–≤–∏–µ–º –≤—Å–ø–æ–º–∏–Ω–∞—é","—è","","","","","","SPRO","–Ø","SPRO sg 1p - nom","Ø"
"32981","","—Å","–°","PR","","","–≤—Å–ø–æ–º–∏–Ω–∞–µ—Ç—Å—è , —è _—Å_ —É–¥–æ–≤–æ–ª—å—Å—Ç–≤–∏–µ–º –≤—Å–ø–æ–º–∏–Ω–∞—é –æ–¥–∏–Ω","—Å","","","","","","PR","–°","PR","°"
"32982","","—É–¥–æ–≤–æ–ª—å—Å—Ç–≤–∏–µ–º","–£–î–û–í–û–õ–¨–°–¢–í–ò–ï","S n inan ins sg","","",", —è —Å _—É–¥–æ–≤–æ–ª—å—Å—Ç–≤–∏–µ–º_ –≤—Å–ø–æ–º–∏–Ω–∞—é –æ–¥–∏–Ω —Å–ª—É—á–∞–π","–º","–µ","–∏","–≤","—Ç","—Å","S","–£–î–û–í–û–õ–¨–°–¢–í–ò–ï","S n inan ins sg","ï"
"32983","","–≤—Å–ø–æ–º–∏–Ω–∞—é","–í–°–ü–û–ú–ò–ù–ê–¢–¨","V ipf praes sg indic - 1p","","","—è —Å —É–¥–æ–≤–æ–ª—å—Å—Ç–≤–∏–µ–º _–≤—Å–ø–æ–º–∏–Ω–∞—é_ –æ–¥–∏–Ω —Å–ª—É—á–∞–π .","—é","–∞","–Ω","–∏","–º","–æ","V","–í–°–ü–û–ú–ò–ù–ê–¢–¨","V ipf praes sg indic - 1p","¨"
"32984","","–æ–¥–∏–Ω","–û–î–ò–ù","ANUM - nom sg plen m -","","","—Å —É–¥–æ–≤–æ–ª—å—Å—Ç–≤–∏–µ–º –≤—Å–ø–æ–º–∏–Ω–∞—é _–æ–¥–∏–Ω_ —Å–ª—É—á–∞–π . ","–Ω","–∏","–¥","–æ","","","ANUM","–û–î–ò–ù","A - nom sg plen m -","ù"
"32985","","—Å–ª—É—á–∞–π","–°–õ–£–ß–ê–ô","S m inan nom sg","","","—É–¥–æ–≤–æ–ª—å—Å—Ç–≤–∏–µ–º –≤—Å–ø–æ–º–∏–Ω–∞—é –æ–¥–∏–Ω _—Å–ª—É—á–∞–π_ .  ","–π","–∞","—á","—É","–ª","—Å","S","–°–õ–£–ß–ê–ô","S m inan nom sg","ô"
"32986","",".",".","PUNCT","","","","","","","","","","PUNCT","","",""
"32987","","","","","","","","","","","","","","","","",""
"32988","# sent = 2531","","","","","","","","","","","","","","","",""
"32989","","–í–æ—Ç","–í–û–¢","PART","","",".   _–í–æ—Ç_ —è , –º–µ–Ω—è","—Ç","–æ","–≤","","","","PART","–í–û–¢","PART","¢"
"32990","","—è","–Ø","SPRO sg 1p - nom","","","  –í–æ—Ç _—è_ , –º–µ–Ω—è –¥–∏—Ä–µ–∫—Ç–æ—Ä","—è","","","","","","SPRO","–Ø","SPRO sg 1p - nom","Ø"
"32991","",",",",","PUNCT","","","","","","","","","","PUNCT","","",""
"32992","","–º–µ–Ω—è","–Ø","SPRO sg 1p - acc","","","–í–æ—Ç —è , _–º–µ–Ω—è_ –¥–∏—Ä–µ–∫—Ç–æ—Ä –ø–æ–ø—Ä–æ—Å–∏–ª–∞ ,","—è","–Ω","–µ","–º","","","SPRO","–Ø","SPRO sg 1p - acc","Ø"
"32993","","–¥–∏—Ä–µ–∫—Ç–æ—Ä","–î–ò–†–ï–ö–¢–û–†","S m anim nom sg","","","—è , –º–µ–Ω—è _–¥–∏—Ä–µ–∫—Ç–æ—Ä_ –ø–æ–ø—Ä–æ—Å–∏–ª–∞ , —Å–∫–∞–∑–∞–ª–∞","—Ä","–æ","—Ç","–∫","–µ","—Ä","S","–î–ò–†–ï–ö–¢–û–†","S m anim nom sg","†"
"32994","","–ø–æ–ø—Ä–æ—Å–∏–ª–∞","–ü–û–ü–†–û–°–ò–¢–¨","V pf praet sg indic f -","","",", –º–µ–Ω—è –¥–∏—Ä–µ–∫—Ç–æ—Ä _–ø–æ–ø—Ä–æ—Å–∏–ª–∞_ , —Å–∫–∞–∑–∞–ª–∞ :","–∞","–ª","–∏","—Å","–æ","—Ä","V","–ü–û–ü–†–û–°–ò–¢–¨","V pf praet sg indic f -","¨"
"32995","",",",",","PUNCT","","","","","","","","","","PUNCT","","",""
"32996","","—Å–∫–∞–∑–∞–ª–∞","–°–ö–ê–ó–ê–¢–¨","V pf praet sg indic f -","","","–¥–∏—Ä–µ–∫—Ç–æ—Ä –ø–æ–ø—Ä–æ—Å–∏–ª–∞ , _—Å–∫–∞–∑–∞–ª–∞_ : ¬´ –†–∏–º–º–∞","–∞","–ª","–∞","–∑","–∞","–∫","V","–°–ö–ê–ó–ê–¢–¨","V pf praet sg indic f -","¨"
"32997","",":",":","PUNCT","","","","","","","","","","PUNCT","","",""
"32998","","¬´","¬´","PUNCT","","","","","","","","","","PUNCT","","",""
"32999","","–†–∏–º–º–∞","–†–ò–ú–ú–ê","S persn f anim","","","—Å–∫–∞–∑–∞–ª–∞ : ¬´ _–†–∏–º–º–∞_  –ù–∏–∫–æ–ª–∞–≤–Ω–∞ ","–∞","–º","–º","–∏","—Ä","","S","–†–ò–ú–ú–ê","S f anim nom sg","ê"
"33000","<distinct form=""","","","","","","","","","","","","","","","",""
"33001","<dist>","–ù–∏–∫–æ–ª–∞–≤–Ω–∞","","","","","","","","","","","","","","",""
"33002",""">","","","","","","","","","","","","","","","",""
"33003","","–ù–∏–∫–æ–ª–∞–µ–≤–Ω–∞","–ù–ò–ö–û–õ–ê–ï–í–ù–ê","S patrn f anim","",""," –ù–∏–∫–æ–ª–∞–≤–Ω–∞  _–ù–∏–∫–æ–ª–∞–µ–≤–Ω–∞_  , –¥–∞–≤–∞–π—Ç–µ","–∞","–Ω","–≤","–µ","–∞","–ª","S","–ù–ò–ö–û–õ–ê–ï–í–ù–ê","S f anim nom sg","ê"
"33004","</distinct>","","","","","","","","","","","","","","","",""
"33005","",",",",","PUNCT","","","","","","","","","","PUNCT","","",""
"33006","","–¥–∞–≤–∞–π—Ç–µ","–î–ê–í–ê–¢–¨","V ipf - sg imper - 2p","","","–ù–∏–∫–æ–ª–∞–µ–≤–Ω–∞  , _–¥–∞–≤–∞–π—Ç–µ_ —Å–µ–≥–æ–¥–Ω—è –í—ã –ø—Ä–æ–≤–µ–¥—ë—Ç–µ","–µ","—Ç","–π","–∞","–≤","–∞","V","–î–ê–í–ê–¢–¨","V ipf - pl imper - 2p","¨"
"33007","","—Å–µ–≥–æ–¥–Ω—è","–°–ï–ì–û–î–ù–Ø","ADV -","",""," , –¥–∞–≤–∞–π—Ç–µ _—Å–µ–≥–æ–¥–Ω—è_ –í—ã –ø—Ä–æ–≤–µ–¥—ë—Ç–µ –≤","—è","–Ω","–¥","–æ","–≥","–µ","ADV","–°–ï–ì–û–î–ù–Ø","ADV -","Ø"
"33008","","–í—ã","–í–´","SPRO sg 2p - nom","","",", –¥–∞–≤–∞–π—Ç–µ —Å–µ–≥–æ–¥–Ω—è _–í—ã_ –ø—Ä–æ–≤–µ–¥—ë—Ç–µ –≤ –ø–µ—Ä–≤–æ–º","—ã","–≤","","","","","SPRO","–í–´","SPRO pl 2p - nom","´"
"33009","","–ø—Ä–æ–≤–µ–¥—ë—Ç–µ","–ü–†–û–í–ï–°–¢–ò","V pf fut sg indic - 2p","","","–¥–∞–≤–∞–π—Ç–µ —Å–µ–≥–æ–¥–Ω—è –í—ã _–ø—Ä–æ–≤–µ–¥—ë—Ç–µ_ –≤ –ø–µ—Ä–≤–æ–º –∫–ª–∞—Å—Å–µ","–µ","—Ç","—ë","–¥","–µ","–≤","V","–ü–†–û–í–ï–°–¢–ò","V pf fut pl indic - 2p","ò"
"33010","","–≤","–í","PR","","","—Å–µ–≥–æ–¥–Ω—è –í—ã –ø—Ä–æ–≤–µ–¥—ë—Ç–µ _–≤_ –ø–µ—Ä–≤–æ–º –∫–ª–∞—Å—Å–µ —É—Ä–æ–∫","–≤","","","","","","PR","–í","PR","í"
"33011","","–ø–µ—Ä–≤–æ–º","–ü–ï–†–í–´–ô","ANUM - loc sg plen m -","","","–í—ã –ø—Ä–æ–≤–µ–¥—ë—Ç–µ –≤ _–ø–µ—Ä–≤–æ–º_ –∫–ª–∞—Å—Å–µ —É—Ä–æ–∫ ¬ª","–º","–æ","–≤","—Ä","–µ","–ø","A","–ü–ï–†–í–´–ô","A - loc sg plen m -","ô"
"33012","","–∫–ª–∞—Å—Å–µ","–ö–õ–ê–°–°","S m inan loc sg","","","–ø—Ä–æ–≤–µ–¥—ë—Ç–µ –≤ –ø–µ—Ä–≤–æ–º _–∫–ª–∞—Å—Å–µ_ —É—Ä–æ–∫ ¬ª ,","–µ","—Å","—Å","–∞","–ª","–∫","S","–ö–õ–ê–°–°","S m inan loc sg","°"
"33013","","—É—Ä–æ–∫","–£–†–û–ö","S m inan acc sg","","","–≤ –ø–µ—Ä–≤–æ–º –∫–ª–∞—Å—Å–µ _—É—Ä–æ–∫_ ¬ª , –ø–æ—Ç–æ–º—É —á—Ç–æ","–∫","–æ","—Ä","—É","","","S","–£–†–û–ö","S m inan acc sg","ö"
"33014","","¬ª","¬ª","PUNCT","","","","","","","","","","PUNCT","","",""
"33015","",",",",","PUNCT","","","","","","","","","","PUNCT","","",""
"33016","","–ø–æ—Ç–æ–º—É —á—Ç–æ","–ø–æ—Ç–æ–º—É —á—Ç–æ","CONJ","","","—É—Ä–æ–∫ ¬ª , _–ø–æ—Ç–æ–º—É —á—Ç–æ_ , —ç—ç –Ω–µ","–æ","—Ç","—á"," ","—É","–º","CONJ","–ø–æ—Ç–æ–º—É —á—Ç–æ","CONJ","æ"
"33017","",",",",","PUNCT","","","","","","","","","","PUNCT","","",""
"33018","","—ç—ç","–≠–≠","NONLEX","","",", –ø–æ—Ç–æ–º—É —á—Ç–æ , _—ç—ç_ –Ω–µ –ø–æ–º–Ω—é ,","—ç","—ç","","","","","NONLEX","–≠–≠","NONLEX","≠"
"33019","","–Ω–µ","–ù–ï","PART","","","–ø–æ—Ç–æ–º—É —á—Ç–æ , —ç—ç _–Ω–µ_ –ø–æ–º–Ω—é , –∏–ª–∏","–µ","–Ω","","","","","PART","–ù–ï","PART","ï"
"33020","","–ø–æ–º–Ω—é","–ü–û–ú–ù–ò–¢–¨","V ipf praes sg indic - 1p","","",", —ç—ç –Ω–µ _–ø–æ–º–Ω—é_ , –∏–ª–∏ –∑–∞–±–æ–ª–µ–ª–∞","—é","–Ω","–º","–æ","–ø","","V","–ü–û–ú–ù–ò–¢–¨","V ipf praes sg indic - 1p","¨"
"33021","",",",",","PUNCT","","","","","","","","","","PUNCT","","",""
"33022","","–∏–ª–∏","–ò–õ–ò","CONJ","","","–Ω–µ –ø–æ–º–Ω—é , _–∏–ª–∏_ –∑–∞–±–æ–ª–µ–ª–∞ —É—á–∏—Ç–µ–ª—å–Ω–∏—Ü–∞ ,","–∏","–ª","–∏","","","","CONJ","–ò–õ–ò","CONJ","ò"
"33023","","–∑–∞–±–æ–ª–µ–ª–∞","–ó–ê–ë–û–õ–ï–¢–¨","V pf praet sg indic f -","","","–ø–æ–º–Ω—é , –∏–ª–∏ _–∑–∞–±–æ–ª–µ–ª–∞_ —É—á–∏—Ç–µ–ª—å–Ω–∏—Ü–∞ , –∏–ª–∏","–∞","–ª","–µ","–ª","–æ","–±","V","–ó–ê–ë–û–õ–ï–¢–¨","V pf praet sg indic f -","¨"
"33024","","—É—á–∏—Ç–µ–ª—å–Ω–∏—Ü–∞","–£–ß–ò–¢–ï–õ–¨–ù–ò–¶–ê","S f anim nom sg","","",", –∏–ª–∏ –∑–∞–±–æ–ª–µ–ª–∞ _—É—á–∏—Ç–µ–ª—å–Ω–∏—Ü–∞_ , –∏–ª–∏ –∂–µ","–∞","—Ü","–∏","–Ω","—å","–ª","S","–£–ß–ò–¢–ï–õ–¨–ù–ò–¶–ê","S f anim nom sg","ê"
"33025","",",",",","PUNCT","","","","","","","","","","PUNCT","","",""
"33026","","–∏–ª–∏","–ò–õ–ò","CONJ","","","–∑–∞–±–æ–ª–µ–ª–∞ —É—á–∏—Ç–µ–ª—å–Ω–∏—Ü–∞ , _–∏–ª–∏_ –∂–µ –Ω–∞ –∫–∞—Ä—Ç–æ—à–∫—É","–∏","–ª","–∏","","","","CONJ","–ò–õ–ò","CONJ","ò"
"33027","","–∂–µ","–ñ–ï","PART","","","—É—á–∏—Ç–µ–ª—å–Ω–∏—Ü–∞ , –∏–ª–∏ _–∂–µ_ –Ω–∞ –∫–∞—Ä—Ç–æ—à–∫—É –æ—Ç–ø—Ä–∞–≤–∏–ª–∏","–µ","–∂","","","","","PART","–ñ–ï","PART","ï"
"33028","","–Ω–∞","–ù–ê","PR","","",", –∏–ª–∏ –∂–µ _–Ω–∞_ –∫–∞—Ä—Ç–æ—à–∫—É –æ—Ç–ø—Ä–∞–≤–∏–ª–∏ –≤","–∞","–Ω","","","","","PR","–ù–ê","PR","ê"
"33029","","–∫–∞—Ä—Ç–æ—à–∫—É","–ö–ê–†–¢–û–®–ö–ê","S f inan acc sg","","","–∏–ª–∏ –∂–µ –Ω–∞ _–∫–∞—Ä—Ç–æ—à–∫—É_ –æ—Ç–ø—Ä–∞–≤–∏–ª–∏ –≤ –∫–æ–ª—Ö–æ–∑","—É","–∫","—à","–æ","—Ç","—Ä","S","–ö–ê–†–¢–û–®–ö–ê","S f inan acc sg","ê"
"33030","","–æ—Ç–ø—Ä–∞–≤–∏–ª–∏","–û–¢–ü–†–ê–í–ò–¢–¨","V pf praet pl indic - -","","","–∂–µ –Ω–∞ –∫–∞—Ä—Ç–æ—à–∫—É _–æ—Ç–ø—Ä–∞–≤–∏–ª–∏_ –≤ –∫–æ–ª—Ö–æ–∑ ,","–∏","–ª","–∏","–≤","–∞","—Ä","V","–û–¢–ü–†–ê–í–ò–¢–¨","V pf praet pl indic - -","¨"
"33031","","–≤","–í","PR","","","–Ω–∞ –∫–∞—Ä—Ç–æ—à–∫—É –æ—Ç–ø—Ä–∞–≤–∏–ª–∏ _–≤_ –∫–æ–ª—Ö–æ–∑ , —Ä–∞–Ω—å—à–µ","–≤","","","","","","PR","–í","PR","í"
"33032","","–∫–æ–ª—Ö–æ–∑","–ö–û–õ–•–û–ó","S m inan acc sg","","","–∫–∞—Ä—Ç–æ—à–∫—É –æ—Ç–ø—Ä–∞–≤–∏–ª–∏ –≤ _–∫–æ–ª—Ö–æ–∑_ , —Ä–∞–Ω—å—à–µ –∂","–∑","–æ","—Ö","–ª","–æ","–∫","S","–ö–û–õ–•–û–ó","S m inan acc sg","ó"
"33033","",",",",","PUNCT","","","","","","","","","","PUNCT","","",""
"33034","","—Ä–∞–Ω—å—à–µ","–†–ê–ù–¨–®–ï","ADV","","","–≤ –∫–æ–ª—Ö–æ–∑ , _—Ä–∞–Ω—å—à–µ_ –∂ –≤—Å–µ–≥–¥–∞ –æ—Ç–ø—Ä–∞–≤–ª—è–ª–∏","–µ","—à","—å","–Ω","–∞","—Ä","ADV","–†–ê–ù–û","ADV comp","ï"
"33035","","–∂","–ñ","CONJ","","","–∫–æ–ª—Ö–æ–∑ , —Ä–∞–Ω—å—à–µ _–∂_ –≤—Å–µ–≥–¥–∞ –æ—Ç–ø—Ä–∞–≤–ª—è–ª–∏ .","–∂","","","","","","CONJ","–ñ","CONJ","ñ"
"33036","","–≤—Å–µ–≥–¥–∞","–í–°–ï–ì–î–ê","ADV -","","",", —Ä–∞–Ω—å—à–µ –∂ _–≤—Å–µ–≥–¥–∞_ –æ—Ç–ø—Ä–∞–≤–ª—è–ª–∏ . ","–∞","–¥","–≥","–µ","—Å","–≤","ADV","–í–°–ï–ì–î–ê","ADV -","ê"
"33037","","–æ—Ç–ø—Ä–∞–≤–ª—è–ª–∏","–û–¢–ü–†–ê–í–õ–Ø–¢–¨","V ipf praet pl indic - -","","","—Ä–∞–Ω—å—à–µ –∂ –≤—Å–µ–≥–¥–∞ _–æ—Ç–ø—Ä–∞–≤–ª—è–ª–∏_ .  ","–∏","–ª","—è","–ª","–≤","–∞","V","–û–¢–ü–†–ê–í–õ–Ø–¢–¨","V ipf praet pl indic - -","¨"
"33038","",".",".","PUNCT","","","","","","","","","","PUNCT","","",""
"33039","","","","","","","","","","","","","","","","",""
"33040","# sent = 2532","","","","","","","","","","","","","","","",""
"33041","","–ò","–ò","CONJ","","",".   _–ò_ –≤–æ—Ç —è –∑–∞—à–ª–∞","–∏","","","","","","CONJ","–ò","CONJ","ò"
"33042","","–≤–æ—Ç","–í–û–¢","PART","","","  –ò _–≤–æ—Ç_ —è –∑–∞—à–ª–∞ –≤","—Ç","–æ","–≤","","","","PART","–í–û–¢","PART","¢"
"33043","","—è","–Ø","SPRO sg 1p - nom","",""," –ò –≤–æ—Ç _—è_ –∑–∞—à–ª–∞ –≤ –∫–ª–∞—Å—Å","—è","","","","","","SPRO","–Ø","SPRO sg 1p - nom","Ø"
"33044","","–∑–∞—à–ª–∞","–ó–ê–ô–¢–ò","V pf praet sg indic f -","","","–ò –≤–æ—Ç —è _–∑–∞—à–ª–∞_ –≤ –∫–ª–∞—Å—Å ,","–∞","–ª","—à","–∞","–∑","","V","–ó–ê–ô–¢–ò","V pf praet sg indic f -","ò"
"33045","","–≤","–í","PR","","","–≤–æ—Ç —è –∑–∞—à–ª–∞ _–≤_ –∫–ª–∞—Å—Å , –∑–Ω–∞—á–∏—Ç","–≤","","","","","","PR","–í","PR","í"
"33046","","–∫–ª–∞—Å—Å","–ö–õ–ê–°–°","S m inan acc sg","","","—è –∑–∞—à–ª–∞ –≤ _–∫–ª–∞—Å—Å_ , –∑–Ω–∞—á–∏—Ç ,","—Å","—Å","–∞","–ª","–∫","","S","–ö–õ–ê–°–°","S m inan acc sg","°"
"33047","",",",",","PUNCT","","","","","","","","","","PUNCT","","",""
"33048","","–∑–Ω–∞—á–∏—Ç","–ó–ù–ê–ß–ò–¢","PARENTH ","","","–≤ –∫–ª–∞—Å—Å , _–∑–Ω–∞—á–∏—Ç_ , —Ç–∞–º –±—ã–ª–∏","—Ç","–∏","—á","–∞","–Ω","–∑","ADV","–ó–ù–ê–ß–ò–¢","ADV -","¢"
"33049","",",",",","PUNCT","","","","","","","","","","PUNCT","","",""
"33050","","—Ç–∞–º","–¢–ê–ú","ADV -","","",", –∑–Ω–∞—á–∏—Ç , _—Ç–∞–º_ –±—ã–ª–∏ –≤ –æ—Å–Ω–æ–≤–Ω–æ–º","–º","–∞","—Ç","","","","ADV","–¢–ê–ú","ADV -","ú"
"33051","","–±—ã–ª–∏","–ë–´–¢–¨","V ipf praet pl indic - -","","","–∑–Ω–∞—á–∏—Ç , —Ç–∞–º _–±—ã–ª–∏_ –≤ –æ—Å–Ω–æ–≤–Ω–æ–º –æ–ª–∏–≥–æ—Ñ—Ä–µ–Ω—ã","–∏","–ª","—ã","–±","","","V","–ë–´–¢–¨","V ipf praet pl indic - -","¨"
"33052","","–≤","–í","PR","—Å–ª–∏—Ç–Ω–æ","",", —Ç–∞–º –±—ã–ª–∏ _–≤_ –æ—Å–Ω–æ–≤–Ω–æ–º –æ–ª–∏–≥–æ—Ñ—Ä–µ–Ω—ã ,","–≤","","","","","","PR","–í","PR","í"
"33053","","–æ—Å–Ω–æ–≤–Ω–æ–º","–û–°–ù–û–í–ù–û–ô","PARENTH ","","","—Ç–∞–º –±—ã–ª–∏ –≤ _–æ—Å–Ω–æ–≤–Ω–æ–º_ –æ–ª–∏–≥–æ—Ñ—Ä–µ–Ω—ã , –¥–µ—Ç–∏","–º","–æ","–Ω","–≤","–æ","–Ω","A","–û–°–ù–û–í–ù–û–ô","A - loc sg plen m -","ô"
"33054","","–æ–ª–∏–≥–æ—Ñ—Ä–µ–Ω—ã","–û–õ–ò–ì–û–§–†–ï–ù","S m anim nom pl","","","–±—ã–ª–∏ –≤ –æ—Å–Ω–æ–≤–Ω–æ–º _–æ–ª–∏–≥–æ—Ñ—Ä–µ–Ω—ã_ , –¥–µ—Ç–∏ —ç—ç","—ã","–Ω","–µ","—Ä","—Ñ","–æ","S","–û–õ–ò–ì–û–§–†–ï–ù","S m anim nom pl","ù"
"33055","",",",",","PUNCT","","","","","","","","","","PUNCT","","",""
"33056","","–¥–µ—Ç–∏","–†–ï–ë–ï–ù–û–ö","S m anim nom pl","","","–æ—Å–Ω–æ–≤–Ω–æ–º –æ–ª–∏–≥–æ—Ñ—Ä–µ–Ω—ã , _–¥–µ—Ç–∏_ —ç—ç —Å –∑–∞–¥–µ—Ä–∂–∫–æ–π","–∏","—Ç","–µ","–¥","","","S","–†–ï–ë–ï–ù–û–ö","S m anim nom pl","ö"
"33057","","—ç—ç","–≠–≠","NONLEX","","","–æ–ª–∏–≥–æ—Ñ—Ä–µ–Ω—ã , –¥–µ—Ç–∏ _—ç—ç_ —Å –∑–∞–¥–µ—Ä–∂–∫–æ–π –ø—Å–∏—Ö–∏—á–µ—Å–∫–æ–≥–æ","—ç","—ç","","","","","NONLEX","–≠–≠","NONLEX","≠"
"33058","","—Å","–°","PR","","",", –¥–µ—Ç–∏ —ç—ç _—Å_ –∑–∞–¥–µ—Ä–∂–∫–æ–π –ø—Å–∏—Ö–∏—á–µ—Å–∫–æ–≥–æ —Ä–∞–∑–≤–∏—Ç–∏—è","—Å","","","","","","PR","–°","PR","°"
"33059","","–∑–∞–¥–µ—Ä–∂–∫–æ–π","–ó–ê–î–ï–†–ñ–ö–ê","S f inan ins sg","","","–¥–µ—Ç–∏ —ç—ç —Å _–∑–∞–¥–µ—Ä–∂–∫–æ–π_ –ø—Å–∏—Ö–∏—á–µ—Å–∫–æ–≥–æ —Ä–∞–∑–≤–∏—Ç–∏—è ,","–π","–æ","–∫","–∂","—Ä","–µ","S","–ó–ê–î–ï–†–ñ–ö–ê","S f inan ins sg","ê"
"33060","","–ø—Å–∏—Ö–∏—á–µ—Å–∫–æ–≥–æ","–ü–°–ò–•–ò–ß–ï–°–ö–ò–ô","A - gen sg plen n -","","","—ç—ç —Å –∑–∞–¥–µ—Ä–∂–∫–æ–π _–ø—Å–∏—Ö–∏—á–µ—Å–∫–æ–≥–æ_ —Ä–∞–∑–≤–∏—Ç–∏—è , –∏","–æ","–≥","–æ","–∫","—Å","–µ","A","–ü–°–ò–•–ò–ß–ï–°–ö–ò–ô","A - gen sg plen n -","ô"
"33061","","—Ä–∞–∑–≤–∏—Ç–∏—è","–†–ê–ó–í–ò–¢–ò–ï","S n inan gen sg","","","—Å –∑–∞–¥–µ—Ä–∂–∫–æ–π –ø—Å–∏—Ö–∏—á–µ—Å–∫–æ–≥–æ _—Ä–∞–∑–≤–∏—Ç–∏—è_ , –∏ –¥–≤—É—Ö","—è","–∏","—Ç","–∏","–≤","–∑","S","–†–ê–ó–í–ò–¢–ò–ï","S n inan gen sg","ï"
"33062","",",",",","PUNCT","","","","","","","","","","PUNCT","","",""
"33063","","–∏","–ò","CONJ","","","–ø—Å–∏—Ö–∏—á–µ—Å–∫–æ–≥–æ —Ä–∞–∑–≤–∏—Ç–∏—è , _–∏_ –¥–≤—É—Ö –¥–µ—Ç–µ–π —Ü—ã–≥–∞–Ω–∫–∏","–∏","","","","","","CONJ","–ò","CONJ","ò"
"33064","","–¥–≤—É—Ö","–î–í–ê","NUM acc - -","","","—Ä–∞–∑–≤–∏—Ç–∏—è , –∏ _–¥–≤—É—Ö_ –¥–µ—Ç–µ–π —Ü—ã–≥–∞–Ω–∫–∏ –¥–∏—Ä–µ–∫—Ç–æ—Ä","—Ö","—É","–≤","–¥","","","NUM","–î–í–ê","NUM loc - -","ê"
"33065","","–¥–µ—Ç–µ–π","–†–ï–ë–ï–ù–û–ö","S m anim gen pl","","",", –∏ –¥–≤—É—Ö _–¥–µ—Ç–µ–π_ —Ü—ã–≥–∞–Ω–∫–∏ –¥–∏—Ä–µ–∫—Ç–æ—Ä –≤–∑—è–ª–∞","–π","–µ","—Ç","–µ","–¥","","S","–†–ï–ë–ï–ù–û–ö","S m anim gen pl","ö"
"33066","","—Ü—ã–≥–∞–Ω–∫–∏","–¶–´–ì–ê–ù–ö–ê","S f anim gen sg","","","–∏ –¥–≤—É—Ö –¥–µ—Ç–µ–π _—Ü—ã–≥–∞–Ω–∫–∏_ –¥–∏—Ä–µ–∫—Ç–æ—Ä –≤–∑—è–ª–∞ ,","–∏","–∫","–Ω","–∞","–≥","—ã","S","–¶–´–ì–ê–ù–ö–ê","S f anim gen sg","ê"
"33067","","–¥–∏—Ä–µ–∫—Ç–æ—Ä","–î–ò–†–ï–ö–¢–û–†","S m anim nom sg","","","–¥–≤—É—Ö –¥–µ—Ç–µ–π —Ü—ã–≥–∞–Ω–∫–∏ _–¥–∏—Ä–µ–∫—Ç–æ—Ä_ –≤–∑—è–ª–∞ , —Ç–∞–º","—Ä","–æ","—Ç","–∫","–µ","—Ä","S","–î–ò–†–ï–ö–¢–û–†","S m anim nom sg","†"
"33068","","–≤–∑—è–ª–∞","–í–ó–Ø–¢–¨","V pf praet sg indic f -","","","–¥–µ—Ç–µ–π —Ü—ã–≥–∞–Ω–∫–∏ –¥–∏—Ä–µ–∫—Ç–æ—Ä _–≤–∑—è–ª–∞_ , —Ç–∞–º –µ—ë","–∞","–ª","—è","–∑","–≤","","V","–í–ó–Ø–¢–¨","V pf praet sg indic f -","¨"
"33069","",",",",","PUNCT","","","","","","","","","","PUNCT","","",""
"33070","","—Ç–∞–º","–¢–ê–ú","ADV -","","","–¥–∏—Ä–µ–∫—Ç–æ—Ä –≤–∑—è–ª–∞ , _—Ç–∞–º_ –µ—ë –ø–æ–ø—Ä–æ—Å–∏–ª–∏ ,","–º","–∞","—Ç","","","","ADV","–¢–ê–ú","ADV -","ú"
"33071","","–µ—ë","–û–ù–ê","SPRO sg 3p f acc","","","–≤–∑—è–ª–∞ , —Ç–∞–º _–µ—ë_ –ø–æ–ø—Ä–æ—Å–∏–ª–∏ , –ø–æ—Ç–æ–º—É —á—Ç–æ","—ë","–µ","","","","","SPRO","–û–ù–ê","SPRO sg 3p f acc","ê"
"33072","","–ø–æ–ø—Ä–æ—Å–∏–ª–∏","–ü–û–ü–†–û–°–ò–¢–¨","V pf praet pl indic - -","","",", —Ç–∞–º –µ—ë _–ø–æ–ø—Ä–æ—Å–∏–ª–∏_ , –ø–æ—Ç–æ–º—É —á—Ç–æ —Ü—ã–≥–∞–Ω–∫–∞","–∏","–ª","–∏","—Å","–æ","—Ä","V","–ü–û–ü–†–û–°–ò–¢–¨","V pf praet pl indic - -","¨"
"33073","",",",",","PUNCT","","","","","","","","","","PUNCT","","",""
"33074","","–ø–æ—Ç–æ–º—É —á—Ç–æ","–ø–æ—Ç–æ–º—É —á—Ç–æ","CONJ","","","–µ—ë –ø–æ–ø—Ä–æ—Å–∏–ª–∏ , _–ø–æ—Ç–æ–º—É —á—Ç–æ_ —Ü—ã–≥–∞–Ω–∫–∞ —ç—ç ,","–æ","—Ç","—á"," ","—É","–º","CONJ","–ø–æ—Ç–æ–º—É —á—Ç–æ","CONJ","æ"
"33075","","—Ü—ã–≥–∞–Ω–∫–∞","–¶–´–ì–ê–ù–ö–ê","S f anim nom sg","","","–ø–æ–ø—Ä–æ—Å–∏–ª–∏ , –ø–æ—Ç–æ–º—É —á—Ç–æ _—Ü—ã–≥–∞–Ω–∫–∞_ —ç—ç , –≤","–∞","–∫","–Ω","–∞","–≥","—ã","S","–¶–´–ì–ê–ù–ö–ê","S f anim nom sg","ê"
"33076","","—ç—ç","–≠–≠","NONLEX","","",", –ø–æ—Ç–æ–º—É —á—Ç–æ —Ü—ã–≥–∞–Ω–∫–∞ _—ç—ç_ , –≤ —Ç—é—Ä—å–º—É","—ç","—ç","","","","","NONLEX","–≠–≠","NONLEX","≠"
"33077","",",",",","PUNCT","","","","","","","","","","PUNCT","","",""
"33078","","–≤","–í","PR","","","—Ü—ã–≥–∞–Ω–∫–∞ —ç—ç , _–≤_ —Ç—é—Ä—å–º—É –µ—ë –ø–æ—Å–∞–¥–∏–ª–∏","–≤","","","","","","PR","–í","PR","í"
"33079","","—Ç—é—Ä—å–º—É","–¢–Æ–†–¨–ú–ê","S f inan acc sg","","","—ç—ç , –≤ _—Ç—é—Ä—å–º—É_ –µ—ë –ø–æ—Å–∞–¥–∏–ª–∏ –∑–∞","—É","–º","—å","—Ä","—é","—Ç","S","–¢–Æ–†–¨–ú–ê","S f inan acc sg","ê"
"33080","","–µ—ë","–û–ù–ê","SPRO sg 3p f acc","","",", –≤ —Ç—é—Ä—å–º—É _–µ—ë_ –ø–æ—Å–∞–¥–∏–ª–∏ –∑–∞ –≤–æ—Ä–æ–≤—Å—Ç–≤–æ","—ë","–µ","","","","","SPRO","–û–ù–ê","SPRO sg 3p f acc","ê"
"33081","","–ø–æ—Å–∞–¥–∏–ª–∏","–ü–û–°–ê–î–ò–¢–¨","V pf praet pl indic - -","","","–≤ —Ç—é—Ä—å–º—É –µ—ë _–ø–æ—Å–∞–¥–∏–ª–∏_ –∑–∞ –≤–æ—Ä–æ–≤—Å—Ç–≤–æ ,","–∏","–ª","–∏","–¥","–∞","—Å","V","–ü–û–°–ê–î–ò–¢–¨","V pf praet pl indic - -","¨"
"33082","","–∑–∞","–ó–ê","PR","","","—Ç—é—Ä—å–º—É –µ—ë –ø–æ—Å–∞–¥–∏–ª–∏ _–∑–∞_ –≤–æ—Ä–æ–≤—Å—Ç–≤–æ , –∏","–∞","–∑","","","","","PR","–ó–ê","PR","ê"
"33083","","–≤–æ—Ä–æ–≤—Å—Ç–≤–æ","–í–û–†–û–í–°–¢–í–û","S n inan acc sg","","","–µ—ë –ø–æ—Å–∞–¥–∏–ª–∏ –∑–∞ _–≤–æ—Ä–æ–≤—Å—Ç–≤–æ_ , –∏ –ø–æ—ç—Ç–æ–º—É","–æ","–≤","—Ç","—Å","–≤","–æ","S","–í–û–†–û–í–°–¢–í–û","S n inan acc sg","û"
"33084","",",",",","PUNCT","","","","","","","","","","PUNCT","","",""
"33085","","–∏","–ò","CONJ","","","–∑–∞ –≤–æ—Ä–æ–≤—Å—Ç–≤–æ , _–∏_ –ø–æ—ç—Ç–æ–º—É –≤ –Ω–∞—à","–∏","","","","","","CONJ","–ò","CONJ","ò"
"33086","","–ø–æ—ç—Ç–æ–º—É","–ü–û–≠–¢–û–ú–£","ADV -","","","–≤–æ—Ä–æ–≤—Å—Ç–≤–æ , –∏ _–ø–æ—ç—Ç–æ–º—É_ –≤ –Ω–∞—à –¥–æ–º","—É","–º","–æ","—Ç","—ç","–æ","ADV","–ü–û–≠–¢–û–ú–£","ADV -","£"
"33087","","–≤","–í","PR","","",", –∏ –ø–æ—ç—Ç–æ–º—É _–≤_ –Ω–∞—à –¥–æ–º -","–≤","","","","","","PR","–í","PR","í"
"33088","","–Ω–∞—à","–ù–ê–®","APRO - acc sg plen m inan","","","–∏ –ø–æ—ç—Ç–æ–º—É –≤ _–Ω–∞—à_ –¥–æ–º - –∏–Ω—Ç–µ—Ä–Ω–∞—Ç","—à","–∞","–Ω","","","","APRO","–ù–ê–®","A - acc sg plen m inan","®"
"33089","","–¥–æ–º","–î–û–ú","S m inan acc sg","—Å–ª–∏—Ç–Ω–æ","","–ø–æ—ç—Ç–æ–º—É –≤ –Ω–∞—à _–¥–æ–º_ - –∏–Ω—Ç–µ—Ä–Ω–∞—Ç .","–º","–æ","–¥","","","","S","–î–û–ú","S m inan acc sg","ú"
"33090","","-","-","PUNCT","","","","","","","","","","PUNCT","","",""
"33091","","–∏–Ω—Ç–µ—Ä–Ω–∞—Ç","–ò–ù–¢–ï–†–ù–ê–¢","S m inan nom sg","","","–Ω–∞—à –¥–æ–º - _–∏–Ω—Ç–µ—Ä–Ω–∞—Ç_ .  ","—Ç","–∞","–Ω","—Ä","–µ","—Ç","S","–ò–ù–¢–ï–†–ù–ê–¢","S m inan nom sg","¢"
"33092","",".",".","PUNCT","","","","","","","","","","PUNCT","","",""
"33093","","","","","","","","","","","","","","","","",""
"33094","# sent = 2533","","","","","","","","","","","","","","","",""
"33095","","–û–Ω–∏","–û–ù–ò","SPRO pl - - nom","","",".   _–û–Ω–∏_ –∑–¥–æ—Ä–æ–≤—ã–µ –¥–µ—Ç–∏ —Ç–∞–∫–∏–µ","–∏","–Ω","–æ","","","","SPRO","–û–ù–ò","SPRO pl - - nom","ò"
"33096","","–∑–¥–æ—Ä–æ–≤—ã–µ","–ó–î–û–†–û–í–´–ô","A - nom pl plen - -","","","  –û–Ω–∏ _–∑–¥–æ—Ä–æ–≤—ã–µ_ –¥–µ—Ç–∏ —Ç–∞–∫–∏–µ ,","–µ","—ã","–≤","–æ","—Ä","–æ","A","–ó–î–û–†–û–í–´–ô","A - nom pl plen - -","ô"
"33097","","–¥–µ—Ç–∏","–†–ï–ë–ï–ù–û–ö","S m anim nom pl","",""," –û–Ω–∏ –∑–¥–æ—Ä–æ–≤—ã–µ _–¥–µ—Ç–∏_ —Ç–∞–∫–∏–µ , –∏","–∏","—Ç","–µ","–¥","","","S","–†–ï–ë–ï–ù–û–ö","S m anim nom pl","ö"
"33098","","—Ç–∞–∫–∏–µ","–¢–ê–ö–û–ô","APRO - nom pl plen - inan","","","–û–Ω–∏ –∑–¥–æ—Ä–æ–≤—ã–µ –¥–µ—Ç–∏ _—Ç–∞–∫–∏–µ_ , –∏ –ø—Å–∏—Ö–∏—á–µ—Å–∫–∏","–µ","–∏","–∫","–∞","—Ç","","APRO","–¢–ê–ö–û–ô","A - acc pl plen - inan","ô"
"33099","",",",",","PUNCT","","","","","","","","","","PUNCT","","",""
"33100","","–∏","–ò","CONJ","","","–¥–µ—Ç–∏ —Ç–∞–∫–∏–µ , _–∏_ –ø—Å–∏—Ö–∏—á–µ—Å–∫–∏ –∑–¥–æ—Ä–æ–≤—ã –±—ã–ª–∏","–∏","","","","","","CONJ","–ò","CONJ","ò"
"33101","","–ø—Å–∏—Ö–∏—á–µ—Å–∫–∏","–ü–°–ò–•–ò–ß–ï–°–ö–ò","ADV -","","","—Ç–∞–∫–∏–µ , –∏ _–ø—Å–∏—Ö–∏—á–µ—Å–∫–∏_ –∑–¥–æ—Ä–æ–≤—ã –±—ã–ª–∏ ,","–∏","–∫","—Å","–µ","—á","–∏","ADV","–ü–°–ò–•–ò–ß–ï–°–ö–ò","ADV -","ò"
"33102","","–∑–¥–æ—Ä–æ–≤—ã","–ó–î–û–†–û–í–´–ô","A - - pl brev - -","","",", –∏ –ø—Å–∏—Ö–∏—á–µ—Å–∫–∏ _–∑–¥–æ—Ä–æ–≤—ã_ –±—ã–ª–∏ , –∏","—ã","–≤","–æ","—Ä","–æ","–¥","A","–ó–î–û–†–û–í–´–ô","A - - pl brev - -","ô"
"33103","","–±—ã–ª–∏","–ë–´–¢–¨","V ipf praet pl indic - -","","","–∏ –ø—Å–∏—Ö–∏—á–µ—Å–∫–∏ –∑–¥–æ—Ä–æ–≤—ã _–±—ã–ª–∏_ , –∏ –≤–æ—Ç","–∏","–ª","—ã","–±","","","V","–ë–´–¢–¨","V ipf praet pl indic - -","¨"
"33104","",",",",","PUNCT","","","","","","","","","","PUNCT","","",""
"33105","","–∏","–ò","CONJ","","","–∑–¥–æ—Ä–æ–≤—ã –±—ã–ª–∏ , _–∏_ –≤–æ—Ç , –∞","–∏","","","","","","CONJ","–ò","CONJ","ò"
"33106","","–≤–æ—Ç","–í–û–¢","PART","","","–±—ã–ª–∏ , –∏ _–≤–æ—Ç_ , –∞ –æ–¥–Ω–æ–≥–æ","—Ç","–æ","–≤","","","","PART","–í–û–¢","PART","¢"
"33107","",",",",","PUNCT","","","","","","","","","","PUNCT","","",""
"33108","","–∞","–ê","CONJ","","","–∏ –≤–æ—Ç , _–∞_ –æ–¥–Ω–æ–≥–æ —á ..","–∞","","","","","","CONJ","–ê","CONJ","ê"
"33109","","–æ–¥–Ω–æ–≥–æ","–û–î–ò–ù","ANUM - gen sg plen m -","","","–≤–æ—Ç , –∞ _–æ–¥–Ω–æ–≥–æ_ —á .. –º–∞–ª—å—á–∏–∫–∞","–æ","–≥","–æ","–Ω","–¥","–æ","ANUM","–û–î–ò–ù","A - gen sg plen m -","ù"
"33110","","—á","–ß","NONLEX","","",", –∞ –æ–¥–Ω–æ–≥–æ _—á_ .. –º–∞–ª—å—á–∏–∫–∞ –≤","—á","","","","","","NONLEX","–ß","NONLEX","ß"
"33111","","..","..","PUNCT","","","","","","","","","","PUNCT","","",""
"33112","","–º–∞–ª—å—á–∏–∫–∞","–ú–ê–õ–¨–ß–ò–ö","S m anim acc sg","","","–æ–¥–Ω–æ–≥–æ —á .. _–º–∞–ª—å—á–∏–∫–∞_ –≤ –ø–µ—Ä–≤—ã–π –∫–ª–∞—Å—Å","–∞","–∫","–∏","—á","—å","–ª","S","–ú–ê–õ–¨–ß–ò–ö","S m anim acc sg","ö"
"33113","","–≤","–í","PR","","","—á .. –º–∞–ª—å—á–∏–∫–∞ _–≤_ –ø–µ—Ä–≤—ã–π –∫–ª–∞—Å—Å ,","–≤","","","","","","PR","–í","PR","í"
"33114","","–ø–µ—Ä–≤—ã–π","–ü–ï–†–í–´–ô","ANUM - acc sg plen m inan","","",".. –º–∞–ª—å—á–∏–∫–∞ –≤ _–ø–µ—Ä–≤—ã–π_ –∫–ª–∞—Å—Å , –∑–Ω–∞—á–∏—Ç","–π","—ã","–≤","—Ä","–µ","–ø","A","–ü–ï–†–í–´–ô","A - acc sg plen m inan","ô"
"33115","","–∫–ª–∞—Å—Å","–ö–õ–ê–°–°","S m inan acc sg","","","–º–∞–ª—å—á–∏–∫–∞ –≤ –ø–µ—Ä–≤—ã–π _–∫–ª–∞—Å—Å_ , –∑–Ω–∞—á–∏—Ç ,","—Å","—Å","–∞","–ª","–∫","","S","–ö–õ–ê–°–°","S m inan acc sg","°"
"33116","",",",",","PUNCT","","","","","","","","","","PUNCT","","",""
"33117","","–∑–Ω–∞—á–∏—Ç","–ó–ù–ê–ß–ò–¢","PARENTH ","","","–ø–µ—Ä–≤—ã–π –∫–ª–∞—Å—Å , _–∑–Ω–∞—á–∏—Ç_ ,  –ø–æ—Å–æ–ª–∏–ª–∏","—Ç","–∏","—á","–∞","–Ω","–∑","ADV","–ó–ù–ê–ß–ò–¢","ADV -","¢"
"33118","",",",",","PUNCT","","","","","","","","","","PUNCT","","",""
"33119","<distinct form=""","","","","","","","","","","","","","","","",""
"33120","<dist>","–ø–æ—Å–æ–ª–∏–ª–∏","","","","","","","","","","","","","","",""
"33121",""">","","","","","","","","","","","","","","","",""
"33122","","–ø–æ—Å–∞–¥–∏–ª–∏","–ü–û–°–ê–î–ò–¢–¨","V pf praet pl indic - -","",""," –ø–æ—Å–æ–ª–∏–ª–∏  _–ø–æ—Å–∞–¥–∏–ª–∏_  , —Å—Ç–∞—Ä—à–∞—è","–∏","–ª","–∏","–¥","–∞","—Å","V","–ü–û–°–ê–î–ò–¢–¨","V pf praet pl indic - -","¨"
"33123","</distinct>","","","","","","","","","","","","","","","",""
"33124","",",",",","PUNCT","","","","","","","","","","PUNCT","","",""
"33125","","—Å—Ç–∞—Ä—à–∞—è","–°–¢–ê–†–®–ò–ô","A - nom sg plen f -","","","–ø–æ—Å–∞–¥–∏–ª–∏  , _—Å—Ç–∞—Ä—à–∞—è_ –≥–¥–µ-—Ç–æ –∫–ª–∞—Å—Å —Å–µ–¥—å–º–æ–π","—è","–∞","—à","—Ä","–∞","—Ç","A","–°–¢–ê–†–®–ò–ô","A - nom sg plen f -","ô"
"33126","","–≥–¥–µ-—Ç–æ","–ì–î–ï-–¢–û","ADV -","",""," , —Å—Ç–∞—Ä—à–∞—è _–≥–¥–µ-—Ç–æ_ –∫–ª–∞—Å—Å —Å–µ–¥—å–º–æ–π -","–æ","—Ç","-","–µ","–¥","–≥","ADV","–ì–î–ï-–¢–û","ADV -","û"
"33127","","–∫–ª–∞—Å—Å","–ö–õ–ê–°–°","S m inan nom sg","","",", —Å—Ç–∞—Ä—à–∞—è –≥–¥–µ-—Ç–æ _–∫–ª–∞—Å—Å_ —Å–µ–¥—å–º–æ–π - –≤–æ—Å—å–º–æ–π","—Å","—Å","–∞","–ª","–∫","","S","–ö–õ–ê–°–°","S m inan nom sg","°"
"33128","","—Å–µ–¥—å–º–æ–π","–°–ï–î–¨–ú–û–ô","ANUM - nom sg plen m -","—Å–ª–∏—Ç–Ω–æ","","—Å—Ç–∞—Ä—à–∞—è –≥–¥–µ-—Ç–æ –∫–ª–∞—Å—Å _—Å–µ–¥—å–º–æ–π_ - –≤–æ—Å—å–º–æ–π .","–π","–æ","–º","—å","–¥","–µ","ANUM","–°–ï–î–¨–ú–û–ô","A - nom sg plen m -","ô"
"33129","","-","-","PUNCT","","","","","","","","","","PUNCT","","",""
"33130","","–≤–æ—Å—å–º–æ–π","–í–û–°–¨–ú–û–ô","ANUM - nom sg plen f -","","","–∫–ª–∞—Å—Å —Å–µ–¥—å–º–æ–π - _–≤–æ—Å—å–º–æ–π_ .  ","–π","–æ","–º","—å","—Å","–æ","ANUM","–í–û–°–¨–ú–û–ô","A - gen sg plen f -","ô"
"33131","",".",".","PUNCT","","","","","","","","","","PUNCT","","",""
"33132","","","","","","","","","","","","","","","","",""
"33133","# sent = 2534","","","","","","","","","","","","","","","",""
"33134","","–í–æ—Ç","–í–û–¢","PART","","",".   _–í–æ—Ç_ —è –ø—Ä–æ–≤–æ–∂—É —É—Ä–æ–∫","—Ç","–æ","–≤","","","","PART","–í–û–¢","PART","¢"
"33135","","—è","–Ø","SPRO sg 1p - nom","","","  –í–æ—Ç _—è_ –ø—Ä–æ–≤–æ–∂—É —É—Ä–æ–∫ .","—è","","","","","","SPRO","–Ø","SPRO sg 1p - nom","Ø"
"33136","","–ø—Ä–æ–≤–æ–∂—É","–ü–†–û–í–û–î–ò–¢–¨","V ipf praes sg indic - 1p","",""," –í–æ—Ç —è _–ø—Ä–æ–≤–æ–∂—É_ —É—Ä–æ–∫ . ","—É","–∂","–æ","–≤","–æ","—Ä","V","–ü–†–û–í–û–î–ò–¢–¨","V ipf praes sg indic - 1p","¨"
"33137","","—É—Ä–æ–∫","–£–†–û–ö","S m inan acc sg","","","–í–æ—Ç —è –ø—Ä–æ–≤–æ–∂—É _—É—Ä–æ–∫_ .  ","–∫","–æ","—Ä","—É","","","S","–£–†–û–ö","S m inan acc sg","ö"
"33138","",".",".","PUNCT","","","","","","","","","","PUNCT","","",""
"33139","","","","","","","","","","","","","","","","",""
"33140","# sent = 2535","","","","","","","","","","","","","","","",""
"33141","","–ù–æ","–ù–û","CONJ","","",".   _–ù–æ_ –∫–∞–∫–æ–π . ","–æ","–Ω","","","","","CONJ","–ù–û","CONJ","û"
"33142","","–∫–∞–∫–æ–π","–ö–ê–ö–û–ô","APRO - nom sg plen m -","","","  –ù–æ _–∫–∞–∫–æ–π_ .  ","–π","–æ","–∫","–∞","–∫","","APRO","–ö–ê–ö–û–ô","A - nom sg plen m -","ô"
"33143","",".",".","PUNCT","","","","","","","","","","PUNCT","","",""
"33144","","","","","","","","","","","","","","","","",""
"33145","# sent = 2536","","","","","","","","","","","","","","","",""
"33146","","–ö–æ–Ω–µ—á–Ω–æ","–ö–û–ù–ï–ß–ù–û","PARENTH ","","",".   _–ö–æ–Ω–µ—á–Ω–æ_ —ç , –ø–ª–∞–Ω—ã","–æ","–Ω","—á","–µ","–Ω","–æ","ADV","–ö–û–ù–ï–ß–ù–û","ADV -","û"
"33147","","—ç","–≠","INTJ","","","  –ö–æ–Ω–µ—á–Ω–æ _—ç_ , –ø–ª–∞–Ω—ã –ø–∏—Å–∞—Ç—å","—ç","","","","","","INTJ","–≠","S - - nonflex -","≠"
"33148","",",",",","PUNCT","","","","","","","","","","PUNCT","","",""
"33149","","–ø–ª–∞–Ω—ã","–ü–õ–ê–ù","S m inan acc pl","","","–ö–æ–Ω–µ—á–Ω–æ —ç , _–ø–ª–∞–Ω—ã_ –ø–∏—Å–∞—Ç—å —è –Ω–µ","—ã","–Ω","–∞","–ª","–ø","","S","–ü–õ–ê–ù","S m inan nom pl","ù"
"33150","","–ø–∏—Å–∞—Ç—å","–ü–ò–°–ê–¢–¨","V ipf - - inf - -","","","—ç , –ø–ª–∞–Ω—ã _–ø–∏—Å–∞—Ç—å_ —è –Ω–µ —Å–æ–±–∏—Ä–∞–ª–∞—Å—å","—å","—Ç","–∞","—Å","–∏","–ø","V","–ü–ò–°–ê–¢–¨","V ipf - - inf - -","¨"
"33151","","—è","–Ø","SPRO sg 1p - nom","","",", –ø–ª–∞–Ω—ã –ø–∏—Å–∞—Ç—å _—è_ –Ω–µ —Å–æ–±–∏—Ä–∞–ª–∞—Å—å ,","—è","","","","","","SPRO","–Ø","SPRO sg 1p - nom","Ø"
"33152","","–Ω–µ","–ù–ï","PART","","","–ø–ª–∞–Ω—ã –ø–∏—Å–∞—Ç—å —è _–Ω–µ_ —Å–æ–±–∏—Ä–∞–ª–∞—Å—å , –∏","–µ","–Ω","","","","","PART","–ù–ï","PART","ï"
"33153","","—Å–æ–±–∏—Ä–∞–ª–∞—Å—å","–°–û–ë–ò–†–ê–¢–¨–°–Ø","V ipf praet sg indic f -","","","–ø–∏—Å–∞—Ç—å —è –Ω–µ _—Å–æ–±–∏—Ä–∞–ª–∞—Å—å_ , –∏ —á—Ç–æ","—å","—Å","–∞","–ª","–∞","—Ä","V","–°–û–ë–ò–†–ê–¢–¨–°–Ø","V ipf praet sg indic f -","Ø"
"33154","",",",",","PUNCT","","","","","","","","","","PUNCT","","",""
"33155","","–∏","–ò","CONJ","","","–Ω–µ —Å–æ–±–∏—Ä–∞–ª–∞—Å—å , _–∏_ —á—Ç–æ , —è","–∏","","","","","","CONJ","–ò","CONJ","ò"
"33156","","—á—Ç–æ","–ß–¢–û","CONJ","","","—Å–æ–±–∏—Ä–∞–ª–∞—Å—å , –∏ _—á—Ç–æ_ , —è –ø–æ–ø—Ä–æ—Å–∏–ª–∞","–æ","—Ç","—á","","","","CONJ","–ß–¢–û","CONJ","û"
"33157","",",",",","PUNCT","","","","","","","","","","PUNCT","","",""
"33158","","—è","–Ø","SPRO sg 1p - nom","","","–∏ —á—Ç–æ , _—è_ –ø–æ–ø—Ä–æ—Å–∏–ª–∞ —Ä–∞–Ω—å—à–µ –¥–∏—Ä–µ–∫—Ç–æ—Ä–∞","—è","","","","","","SPRO","–Ø","SPRO sg 1p - nom","Ø"
"33159","","–ø–æ–ø—Ä–æ—Å–∏–ª–∞","–ü–û–ü–†–û–°–ò–¢–¨","V pf praet sg indic f -","","","—á—Ç–æ , —è _–ø–æ–ø—Ä–æ—Å–∏–ª–∞_ —Ä–∞–Ω—å—à–µ –¥–∏—Ä–µ–∫—Ç–æ—Ä–∞ :","–∞","–ª","–∏","—Å","–æ","—Ä","V","–ü–û–ü–†–û–°–ò–¢–¨","V pf praet sg indic f -","¨"
"33160","","—Ä–∞–Ω—å—à–µ","–†–ê–ù–û","ADV comp","","",", —è –ø–æ–ø—Ä–æ—Å–∏–ª–∞ _—Ä–∞–Ω—å—à–µ_ –¥–∏—Ä–µ–∫—Ç–æ—Ä–∞ : ¬´","–µ","—à","—å","–Ω","–∞","—Ä","ADV","–†–ê–ù–û","ADV comp","û"
"33161","","–¥–∏—Ä–µ–∫—Ç–æ—Ä–∞","–î–ò–†–ï–ö–¢–û–†","S m anim gen sg","","","—è –ø–æ–ø—Ä–æ—Å–∏–ª–∞ —Ä–∞–Ω—å—à–µ _–¥–∏—Ä–µ–∫—Ç–æ—Ä–∞_ : ¬´ –í—ã","–∞","—Ä","–æ","—Ç","–∫","–µ","S","–î–ò–†–ï–ö–¢–û–†","S m anim gen sg","†"
"33162","",":",":","PUNCT","","","","","","","","","","PUNCT","","",""
"33163","","¬´","¬´","PUNCT","","","","","","","","","","PUNCT","","",""
"33164","","–í—ã","–í–´","SPRO sg 2p - nom","","","–¥–∏—Ä–µ–∫—Ç–æ—Ä–∞ : ¬´ _–í—ã_ –∑–Ω–∞–µ—Ç–µ , —è","—ã","–≤","","","","","SPRO","–í–´","SPRO pl 2p - nom","´"
"33165","","–∑–Ω–∞–µ—Ç–µ","–ó–ù–ê–¢–¨","V ipf praes sg indic - 2p","","",": ¬´ –í—ã _–∑–Ω–∞–µ—Ç–µ_ , —è –∏—Ö","–µ","—Ç","–µ","–∞","–Ω","–∑","V","–ó–ù–ê–¢–¨","V ipf praes pl indic - 2p","¨"
"33166","",",",",","PUNCT","","","","","","","","","","PUNCT","","",""
"33167","","—è","–Ø","SPRO sg 1p - nom","","","–í—ã –∑–Ω–∞–µ—Ç–µ , _—è_ –∏—Ö –ø–æ–ø—Ä–æ—à—É —Ä–∞—Å—Å–∫–∞–∑–∞—Ç—å","—è","","","","","","SPRO","–Ø","SPRO sg 1p - nom","Ø"
"33168","","–∏—Ö","–û–ù–ò","SPRO pl - - acc","","","–∑–Ω–∞–µ—Ç–µ , —è _–∏—Ö_ –ø–æ–ø—Ä–æ—à—É —Ä–∞—Å—Å–∫–∞–∑–∞—Ç—å —Å–∫–∞–∑–∫–∏","—Ö","–∏","","","","","SPRO","–û–ù–ò","SPRO pl - - acc","ò"
"33169","","–ø–æ–ø—Ä–æ—à—É","–ü–û–ü–†–û–°–ò–¢–¨","V pf fut sg indic - 1p","","",", —è –∏—Ö _–ø–æ–ø—Ä–æ—à—É_ —Ä–∞—Å—Å–∫–∞–∑–∞—Ç—å —Å–∫–∞–∑–∫–∏ ,","—É","—à","–æ","—Ä","–ø","–æ","V","–ü–û–ü–†–û–°–ò–¢–¨","V pf fut sg indic - 1p","¨"
"33170","","—Ä–∞—Å—Å–∫–∞–∑–∞—Ç—å","–†–ê–°–°–ö–ê–ó–ê–¢–¨","V pf - - inf - -","","","—è –∏—Ö –ø–æ–ø—Ä–æ—à—É _—Ä–∞—Å—Å–∫–∞–∑–∞—Ç—å_ —Å–∫–∞–∑–∫–∏ , –∫–∞–∫–∏–µ","—å","—Ç","–∞","–∑","–∞","–∫","V","–†–ê–°–°–ö–ê–ó–ê–¢–¨","V pf - - inf - -","¨"
"33171","","—Å–∫–∞–∑–∫–∏","–°–ö–ê–ó–ö–ê","S f inan acc pl","","","–∏—Ö –ø–æ–ø—Ä–æ—à—É —Ä–∞—Å—Å–∫–∞–∑–∞—Ç—å _—Å–∫–∞–∑–∫–∏_ , –∫–∞–∫–∏–µ –æ–Ω–∏","–∏","–∫","–∑","–∞","–∫","—Å","S","–°–ö–ê–ó–ö–ê","S f inan acc pl","ê"
"33172","",",",",","PUNCT","","","","","","","","","","PUNCT","","",""
"33173","","–∫–∞–∫–∏–µ","–ö–ê–ö–û–ô","APRO - nom pl plen - -","","","—Ä–∞—Å—Å–∫–∞–∑–∞—Ç—å —Å–∫–∞–∑–∫–∏ , _–∫–∞–∫–∏–µ_ –æ–Ω–∏ –∑–Ω–∞—é—Ç ¬ª","–µ","–∏","–∫","–∞","–∫","","APRO","–ö–ê–ö–û–ô","A - nom pl plen - -","ô"
"33174","","–æ–Ω–∏","–û–ù–ò","SPRO pl - - nom","","","—Å–∫–∞–∑–∫–∏ , –∫–∞–∫–∏–µ _–æ–Ω–∏_ –∑–Ω–∞—é—Ç ¬ª .","–∏","–Ω","–æ","","","","SPRO","–û–ù–ò","SPRO pl - - nom","ò"
"33175","","–∑–Ω–∞—é—Ç","–ó–ù–ê–¢–¨","V ipf praes pl indic - 3p","","",", –∫–∞–∫–∏–µ –æ–Ω–∏ _–∑–Ω–∞—é—Ç_ ¬ª . ","—Ç","—é","–∞","–Ω","–∑","","V","–ó–ù–ê–¢–¨","V ipf praes pl indic - 3p","¨"
"33176","","¬ª","¬ª","PUNCT","","","","","","","","","","PUNCT","","",""
"33177","",".",".","PUNCT","","","","","","","","","","PUNCT","","",""
"33178","","","","","","","","","","","","","","","","",""
"33179","# sent = 2537","","","","","","","","","","","","","","","",""
"33180","","–í–æ—Ç","–í–û–¢","PART","","",".   _–í–æ—Ç_ –æ–Ω–∏ –º–Ω–µ —Ä–∞—Å—Å–∫–∞–∑—ã–≤–∞–ª–∏","—Ç","–æ","–≤","","","","PART","–í–û–¢","PART","¢"
"33181","","–æ–Ω–∏","–û–ù–ò","SPRO pl - - nom","","","  –í–æ—Ç _–æ–Ω–∏_ –º–Ω–µ —Ä–∞—Å—Å–∫–∞–∑—ã–≤–∞–ª–∏ —Å–∫–∞–∑–∫–∏","–∏","–Ω","–æ","","","","SPRO","–û–ù–ò","SPRO pl - - nom","ò"
"33182","","–º–Ω–µ","–Ø","SPRO sg 1p - dat","",""," –í–æ—Ç –æ–Ω–∏ _–º–Ω–µ_ —Ä–∞—Å—Å–∫–∞–∑—ã–≤–∞–ª–∏ —Å–∫–∞–∑–∫–∏ –≤—Å—ë","–µ","–Ω","–º","","","","SPRO","–Ø","SPRO sg 1p - dat","Ø"
"33183","","—Ä–∞—Å—Å–∫–∞–∑—ã–≤–∞–ª–∏","–†–ê–°–°–ö–ê–ó–´–í–ê–¢–¨","V ipf praet pl indic - -","","","–í–æ—Ç –æ–Ω–∏ –º–Ω–µ _—Ä–∞—Å—Å–∫–∞–∑—ã–≤–∞–ª–∏_ —Å–∫–∞–∑–∫–∏ –≤—Å—ë ,","–∏","–ª","–∞","–≤","—ã","–∑","V","–†–ê–°–°–ö–ê–ó–´–í–ê–¢–¨","V ipf praet pl indic - -","¨"
"33184","","—Å–∫–∞–∑–∫–∏","–°–ö–ê–ó–ö–ê","S f inan acc pl","","","–æ–Ω–∏ –º–Ω–µ —Ä–∞—Å—Å–∫–∞–∑—ã–≤–∞–ª–∏ _—Å–∫–∞–∑–∫–∏_ –≤—Å—ë , –∞","–∏","–∫","–∑","–∞","–∫","—Å","S","–°–ö–ê–ó–ö–ê","S f inan nom pl","ê"
"33185","","–≤—Å—ë","–í–°–ï","ADV -","","","–º–Ω–µ —Ä–∞—Å—Å–∫–∞–∑—ã–≤–∞–ª–∏ —Å–∫–∞–∑–∫–∏ _–≤—Å—ë_ , –∞ –†—É—Å–ª–∞–Ω","—ë","—Å","–≤","","","","ADV","–í–°–ï","ADV -","ï"
"33186","",",",",","PUNCT","","","","","","","","","","PUNCT","","",""
"33187","","–∞","–ê","CONJ","","","—Å–∫–∞–∑–∫–∏ –≤—Å—ë , _–∞_ –†—É—Å–ª–∞–Ω , –∫–∞–∫","–∞","","","","","","CONJ","–ê","CONJ","ê"
"33188","","–†—É—Å–ª–∞–Ω","–†–£–°–õ–ê–ù","S persn m anim","","","–≤—Å—ë , –∞ _–†—É—Å–ª–∞–Ω_ , –∫–∞–∫ –∑–≤–∞–ª–∏","–Ω","–∞","–ª","—Å","—É","—Ä","S","–†–£–°–õ–ê–ù","S m anim nom sg","ù"
"33189","",",",",","PUNCT","","","","","","","","","","PUNCT","","",""
"33190","","–∫–∞–∫","–ö–ê–ö","CONJ","","","–∞ –†—É—Å–ª–∞–Ω , _–∫–∞–∫_ –∑–≤–∞–ª–∏ –¥–æ —Å–∏—Ö –ø–æ—Ä —è","–∫","–∞","–∫","","","","CONJ","–ö–ê–ö","CONJ","ö"
"33191","","–∑–≤–∞–ª–∏","–ó–í–ê–¢–¨","V ipf praet pl indic - -","","","–†—É—Å–ª–∞–Ω , –∫–∞–∫ _–∑–≤–∞–ª–∏_ –¥–æ —Å–∏—Ö –ø–æ—Ä —è –µ–≥–æ","–∏","–ª","–∞","–≤","–∑","","V","–ó–í–ê–¢–¨","V ipf praet pl indic - -","¨"
"33192","","–¥–æ —Å–∏—Ö –ø–æ—Ä","–¥–æ —Å–∏—Ö –ø–æ—Ä","ADV -","","",", –∫–∞–∫ –∑–≤–∞–ª–∏ _–¥–æ —Å–∏—Ö –ø–æ—Ä_ —è –µ–≥–æ –ø–æ–º–Ω—é","—Ä","–æ","–ø"," ","—Ö","–∏","ADV","–¥–æ —Å–∏—Ö –ø–æ—Ä","ADV -","Ä"
"33193","","—è","–Ø","SPRO sg 1p - nom","","","–∫–∞–∫ –∑–≤–∞–ª–∏ –¥–æ —Å–∏—Ö –ø–æ—Ä _—è_ –µ–≥–æ –ø–æ–º–Ω—é ,","—è","","","","","","SPRO","–Ø","SPRO sg 1p - nom","Ø"
"33194","","–µ–≥–æ","–û–ù","SPRO sg 3p m acc","","","–∑–≤–∞–ª–∏ –¥–æ —Å–∏—Ö –ø–æ—Ä —è _–µ–≥–æ_ –ø–æ–º–Ω—é , –∑–Ω–∞—á–∏—Ç","–æ","–≥","–µ","","","","SPRO","–û–ù","SPRO sg 3p m acc","ù"
"33195","","–ø–æ–º–Ω—é","–ü–û–ú–ù–ò–¢–¨","V ipf praes sg indic - 1p","","","–¥–æ —Å–∏—Ö –ø–æ—Ä —è –µ–≥–æ _–ø–æ–º–Ω—é_ , –∑–Ω–∞—á–∏—Ç ,","—é","–Ω","–º","–æ","–ø","","V","–ü–û–ú–ù–ò–¢–¨","V ipf praes sg indic - 1p","¨"
"33196","",",",",","PUNCT","","","","","","","","","","PUNCT","","",""
"33197","","–∑–Ω–∞—á–∏—Ç","–ó–ù–ê–ß–ò–¢","PARENTH ","","","–µ–≥–æ –ø–æ–º–Ω—é , _–∑–Ω–∞—á–∏—Ç_ , –≤–æ—Ç —ç—Ç–æ–≥–æ","—Ç","–∏","—á","–∞","–Ω","–∑","ADV","–ó–ù–ê–ß–ò–¢","ADV -","¢"
"33198","",",",",","PUNCT","","","","","","","","","","PUNCT","","",""
"33199","","–≤–æ—Ç","–í–û–¢","PART","","",", –∑–Ω–∞—á–∏—Ç , _–≤–æ—Ç_ —ç—Ç–æ–≥–æ —Ü—ã ..","—Ç","–æ","–≤","","","","PART","–í–û–¢","PART","¢"
"33200","","—ç—Ç–æ–≥–æ","–≠–¢–û–¢","APRO - acc sg plen m anim","","","–∑–Ω–∞—á–∏—Ç , –≤–æ—Ç _—ç—Ç–æ–≥–æ_ —Ü—ã .. —Å—ã–Ω–∞","–æ","–≥","–æ","—Ç","—ç","","APRO","–≠–¢–û–¢","A - acc sg plen m anim","¢"
"33201","","—Ü—ã","–¶–´","NONLEX","","",", –≤–æ—Ç —ç—Ç–æ–≥–æ _—Ü—ã_ .. —Å—ã–Ω–∞ —Ü—ã–≥–∞–Ω–∫–∏","—ã","—Ü","","","","","NONLEX","–¶–´","NONLEX","´"
"33202","","..","..","PUNCT","","","","","","","","","","PUNCT","","",""
"33203","","—Å—ã–Ω–∞","–°–´–ù","S m anim acc sg","","","—ç—Ç–æ–≥–æ —Ü—ã .. _—Å—ã–Ω–∞_ —Ü—ã–≥–∞–Ω–∫–∏ —Ç–æ–π .","–∞","–Ω","—ã","—Å","","","S","–°–´–ù","S m anim acc sg","ù"
"33204","","—Ü—ã–≥–∞–Ω–∫–∏","–¶–´–ì–ê–ù–ö–ê","S f anim gen sg","","","—Ü—ã .. —Å—ã–Ω–∞ _—Ü—ã–≥–∞–Ω–∫–∏_ —Ç–æ–π . ","–∏","–∫","–Ω","–∞","–≥","—ã","S","–¶–´–ì–ê–ù–ö–ê","S f anim gen sg","ê"
"33205","","—Ç–æ–π","–¢–û–¢","APRO - gen sg plen f -","","",".. —Å—ã–Ω–∞ —Ü—ã–≥–∞–Ω–∫–∏ _—Ç–æ–π_ .  ","–π","–æ","—Ç","","","","APRO","–¢–û–¢","A - gen sg plen f -","¢"
"33206","",".",".","PUNCT","","","","","","","","","","PUNCT","","",""
"33207","","","","","","","","","","","","","","","","",""
"33208","# sent = 2538","","","","","","","","","","","","","","","",""
"33209","","–ò","–ò","CONJ","","",".   _–ò_ –æ–Ω –≤—Å—ë –≤—Ä–µ–º—è","–∏","","","","","","CONJ","–ò","CONJ","ò"
"33210","","–æ–Ω","–û–ù","SPRO sg 3p m nom","","","  –ò _–æ–Ω_ –≤—Å—ë –≤—Ä–µ–º—è —Ç—è–Ω–µ—Ç","–Ω","–æ","","","","","SPRO","–û–ù","SPRO sg 3p m nom","ù"
"33211","","–≤—Å—ë","–í–ï–°–¨","APRO - nom pl plen - -","",""," –ò –æ–Ω _–≤—Å—ë_ –≤—Ä–µ–º—è —Ç—è–Ω–µ—Ç –∏","—ë","—Å","–≤","","","","APRO","–í–ï–°–¨","A - nom pl plen - -","¨"
"33212","","–≤—Ä–µ–º—è","–í–†–ï–ú–Ø","S n inan nom sg","","","–ò –æ–Ω –≤—Å—ë _–≤—Ä–µ–º—è_ —Ç—è–Ω–µ—Ç –∏ —Ç—è–Ω–µ—Ç","—è","–º","–µ","—Ä","–≤","","S","–í–†–ï–ú–Ø","S n inan acc sg","Ø"
"33213","","—Ç—è–Ω–µ—Ç","–¢–Ø–ù–£–¢–¨","V ipf praes sg indic - 3p","","","–æ–Ω –≤—Å—ë –≤—Ä–µ–º—è _—Ç—è–Ω–µ—Ç_ –∏ —Ç—è–Ω–µ—Ç —Ä—É–∫—É","—Ç","–µ","–Ω","—è","—Ç","","V","–¢–Ø–ù–£–¢–¨","V ipf praes sg indic - 3p","¨"
"33214","","–∏","–ò","CONJ","","","–≤—Å—ë –≤—Ä–µ–º—è —Ç—è–Ω–µ—Ç _–∏_ —Ç—è–Ω–µ—Ç —Ä—É–∫—É ,","–∏","","","","","","CONJ","–ò","CONJ","ò"
"33215","","—Ç—è–Ω–µ—Ç","–¢–Ø–ù–£–¢–¨","V ipf praes sg indic - 3p","","","–≤—Ä–µ–º—è —Ç—è–Ω–µ—Ç –∏ _—Ç—è–Ω–µ—Ç_ —Ä—É–∫—É , —Ç—è–Ω–µ—Ç","—Ç","–µ","–Ω","—è","—Ç","","V","–¢–Ø–ù–£–¢–¨","V ipf praes sg indic - 3p","¨"
"33216","","—Ä—É–∫—É","–†–£–ö–ê","S f inan acc sg","","","—Ç—è–Ω–µ—Ç –∏ —Ç—è–Ω–µ—Ç _—Ä—É–∫—É_ , —Ç—è–Ω–µ—Ç –∏","—É","–∫","—É","—Ä","","","S","–†–£–ö–ê","S f inan acc sg","ê"
"33217","",",",",","PUNCT","","","","","","","","","","PUNCT","","",""
"33218","","—Ç—è–Ω–µ—Ç","–¢–Ø–ù–£–¢–¨","V ipf praes sg indic - 3p","","","—Ç—è–Ω–µ—Ç —Ä—É–∫—É , _—Ç—è–Ω–µ—Ç_ –∏ —Ç—è–Ω–µ—Ç .","—Ç","–µ","–Ω","—è","—Ç","","V","–¢–Ø–ù–£–¢–¨","V ipf praes sg indic - 3p","¨"
"33219","","–∏","–ò","CONJ","","","—Ä—É–∫—É , —Ç—è–Ω–µ—Ç _–∏_ —Ç—è–Ω–µ—Ç . ","–∏","","","","","","CONJ","–ò","CONJ","ò"
"33220","","—Ç—è–Ω–µ—Ç","–¢–Ø–ù–£–¢–¨","V ipf praes sg indic - 3p","","",", —Ç—è–Ω–µ—Ç –∏ _—Ç—è–Ω–µ—Ç_ .  ","—Ç","–µ","–Ω","—è","—Ç","","V","–¢–Ø–ù–£–¢–¨","V ipf praes sg indic - 3p","¨"
"33221","",".",".","PUNCT","","","","","","","","","","PUNCT","","",""
"33222","","","","","","","","","","","","","","","","",""
"33223","# sent = 2539","","","","","","","","","","","","","","","",""
"33224","<distinct form=""","","","","","","","","","","","","","","","",""
"33225","<dist>","–ì—Ä—é","","","","","","","","","","","","","","",""
"33226",""">","","","","","","","","","","","","","","","",""
"33227","","–ì–æ–≤–æ—Ä—é","–ì–û–í–û–†–ò–¢–¨","V ipf praes sg indic - 1p","",""," –ì—Ä—é  _–ì–æ–≤–æ—Ä—é_  : ¬´","—é","—Ä","–æ","–≤","–æ","–≥","V","–ì–û–í–û–†–ò–¢–¨","V ipf praes sg indic - 1p","¨"
"33228","</distinct>","","","","","","","","","","","","","","","",""
"33229","",":",":","PUNCT","","","","","","","","","","PUNCT","","",""
"33230","","¬´","¬´","PUNCT","","","","","","","","","","PUNCT","","",""
"33231","","–†—É—Å–ª–∞–Ω","–†–£–°–õ–ê–ù","S persn m anim","",""," : ¬´ _–†—É—Å–ª–∞–Ω_ , –ø–æ–¥–æ–∂–¥–∏ ,","–Ω","–∞","–ª","—Å","—É","—Ä","S","–†–£–°–õ–ê–ù","S m anim nom sg","ù"
"33232","",",",",","PUNCT","","","","","","","","","","PUNCT","","",""
"33233","","–ø–æ–¥–æ–∂–¥–∏","–ü–û–î–û–ñ–î–ê–¢–¨","V pf - sg imper - 2p","","","¬´ –†—É—Å–ª–∞–Ω , _–ø–æ–¥–æ–∂–¥–∏_ , –≤–æ—Ç ","–∏","–¥","–∂","–æ","–¥","–æ","V","–ü–û–î–û–ñ–î–ê–¢–¨","V pf - sg imper - 2p","¨"
"33234","",",",",","PUNCT","","","","","","","","","","PUNCT","","",""
"33235","","–≤–æ—Ç","–í–û–¢","PART","","",", –ø–æ–¥–æ–∂–¥–∏ , _–≤–æ—Ç_  —â–∞—Å ","—Ç","–æ","–≤","","","","PART","–í–û–¢","PART","¢"
"33236","<distinct form=""","","","","","","","","","","","","","","","",""
"33237","<dist>","—â–∞—Å","","","","","","","","","","","","","","",""
"33238",""">","","","","","","","","","","","","","","","",""
"33239","","—Å–µ–π—á–∞—Å","–°–ï–ô–ß–ê–°","ADV -","",""," —â–∞—Å  _—Å–µ–π—á–∞—Å_  –≤–æ—Ç —ç—Ç–∏","—Å","–∞","—á","–π","–µ","—Å","ADV","–°–ï–ô–ß–ê–°","ADV -","°"
"33240","</distinct>","","","","","","","","","","","","","","","",""
"33241","","–≤–æ—Ç","–í–û–¢","PART","",""," —Å–µ–π—á–∞—Å  _–≤–æ—Ç_ —ç—Ç–∏ –¥–µ—Ç–∏ –≤—Å—ë","—Ç","–æ","–≤","","","","PART","–í–û–¢","PART","¢"
"33242","","—ç—Ç–∏","–≠–¢–û–¢","APRO - nom pl plen - -","","","—Å–µ–π—á–∞—Å  –≤–æ—Ç _—ç—Ç–∏_ –¥–µ—Ç–∏ –≤—Å—ë —Ä–∞—Å—Å–∫–∞–∂—É—Ç","–∏","—Ç","—ç","","","","APRO","–≠–¢–û–¢","A - nom pl plen - -","¢"
"33243","","–¥–µ—Ç–∏","–†–ï–ë–ï–ù–û–ö","S m anim nom pl","",""," –≤–æ—Ç —ç—Ç–∏ _–¥–µ—Ç–∏_ –≤—Å—ë —Ä–∞—Å—Å–∫–∞–∂—É—Ç ,","–∏","—Ç","–µ","–¥","","","S","–†–ï–ë–ï–ù–û–ö","S m anim nom pl","ö"
"33244","","–≤—Å—ë","–í–ï–°–¨","APRO acc pl","","","–≤–æ—Ç —ç—Ç–∏ –¥–µ—Ç–∏ _–≤—Å—ë_ —Ä–∞—Å—Å–∫–∞–∂—É—Ç , –∞","—ë","—Å","–≤","","","","ADV","–í–°–ï","ADV -","¨"
"33245","","—Ä–∞—Å—Å–∫–∞–∂—É—Ç","–†–ê–°–°–ö–ê–ó–ê–¢–¨","V pf fut pl indic - 3p","","","—ç—Ç–∏ –¥–µ—Ç–∏ –≤—Å—ë _—Ä–∞—Å—Å–∫–∞–∂—É—Ç_ , –∞ –ø–æ—Ç–æ–º","—Ç","—É","–∂","–∞","–∫","—Å","V","–†–ê–°–°–ö–ê–ó–ê–¢–¨","V pf fut pl indic - 3p","¨"
"33246","",",",",","PUNCT","","","","","","","","","","PUNCT","","",""
"33247","","–∞","–ê","CONJ","","","–≤—Å—ë —Ä–∞—Å—Å–∫–∞–∂—É—Ç , _–∞_ –ø–æ—Ç–æ–º —Ç—ã ¬ª","–∞","","","","","","CONJ","–ê","CONJ","ê"
"33248","","–ø–æ—Ç–æ–º","–ü–û–¢–û–ú","ADV -","","","—Ä–∞—Å—Å–∫–∞–∂—É—Ç , –∞ _–ø–æ—Ç–æ–º_ —Ç—ã ¬ª .","–º","–æ","—Ç","–æ","–ø","","ADV","–ü–û–¢–û–ú","ADV -","ú"
"33249","","—Ç—ã","–¢–´","SPRO sg 2p - nom","","",", –∞ –ø–æ—Ç–æ–º _—Ç—ã_ ¬ª . ","—ã","—Ç","","","","","SPRO","–¢–´","SPRO sg 2p - nom","´"
"33250","","¬ª","¬ª","PUNCT","","","","","","","","","","PUNCT","","",""
"33251","",".",".","PUNCT","","","","","","","","","","PUNCT","","",""
"33252","","","","","","","","","","","","","","","","",""
"33253","# sent = 2540","","","","","","","","","","","","","","","",""
"33254","","–ù–æ","–ù–û","CONJ","","",".   _–ù–æ_ –≤—Å—ë —Ä–∞–≤–Ω–æ ,","–æ","–Ω","","","","","CONJ","–ù–û","CONJ","û"
"33255","","–≤—Å—ë","–í–°–ï","PART","—Å–ª–∏—Ç–Ω–æ","","  –ù–æ _–≤—Å—ë_ —Ä–∞–≤–Ω–æ , –æ–Ω","—ë","—Å","–≤","","","","S","–í–°–ï","S n - nom sg","ï"
"33256","","—Ä–∞–≤–Ω–æ","–†–ê–í–ù–´–ô","A - - sg brev n -","",""," –ù–æ –≤—Å—ë _—Ä–∞–≤–Ω–æ_ , –æ–Ω ,","–æ","–Ω","–≤","–∞","—Ä","","A","–†–ê–í–ù–´–ô","A - - sg brev n -","ô"
"33257","",",",",","PUNCT","","","","","","","","","","PUNCT","","",""
"33258","","–æ–Ω","–û–ù","SPRO sg 3p m nom","","","–≤—Å—ë —Ä–∞–≤–Ω–æ , _–æ–Ω_ , –µ–º—É ,","–Ω","–æ","","","","","SPRO","–û–ù","SPRO sg 3p m nom","ù"
"33259","",",",",","PUNCT","","","","","","","","","","PUNCT","","",""
"33260","","–µ–º—É","–û–ù","SPRO sg 3p m dat","","",", –æ–Ω , _–µ–º—É_ , –∑–Ω–∞—á–∏—Ç ,","—É","–º","–µ","","","","SPRO","–û–ù","SPRO sg 3p m dat","ù"
"33261","",",",",","PUNCT","","","","","","","","","","PUNCT","","",""
"33262","","–∑–Ω–∞—á–∏—Ç","–ó–ù–ê–ß–ò–¢","PARENTH ","","",", –µ–º—É , _–∑–Ω–∞—á–∏—Ç_ , —ç—Ç–æ ,","—Ç","–∏","—á","–∞","–Ω","–∑","ADV","–ó–ù–ê–ß–ò–¢","ADV -","¢"
"33263","",",",",","PUNCT","","","","","","","","","","PUNCT","","",""
"33264","","—ç—Ç–æ","–≠–¢–û","PART","","",", –∑–Ω–∞—á–∏—Ç , _—ç—Ç–æ_ , –≤–æ—Ç –µ–º—É","–æ","—Ç","—ç","","","","SPRO","–≠–¢–û","S n - nom sg","û"
"33265","",",",",","PUNCT","","","","","","","","","","PUNCT","","",""
"33266","","–≤–æ—Ç","–í–û–¢","PART","","",", —ç—Ç–æ , _–≤–æ—Ç_ –µ–º—É –Ω–∞–¥–æ —Ä–∞—Å—Å","—Ç","–æ","–≤","","","","PART","–í–û–¢","PART","¢"
"33267","","–µ–º—É","–û–ù","SPRO sg 3p m dat","","","—ç—Ç–æ , –≤–æ—Ç _–µ–º—É_ –Ω–∞–¥–æ —Ä–∞—Å—Å ..","—É","–º","–µ","","","","SPRO","–û–ù","SPRO sg 3p m dat","ù"
"33268","","–Ω–∞–¥–æ","–ù–ê–î–û","PRAEDIC","","",", –≤–æ—Ç –µ–º—É _–Ω–∞–¥–æ_ —Ä–∞—Å—Å .. –Ω—É","–æ","–¥","–∞","–Ω","","","PRAEDIC","–ù–ê–î–û","ADV -","û"
"33269","","—Ä–∞—Å—Å","–†–ê–°–°","NONLEX","","","–≤–æ—Ç –µ–º—É –Ω–∞–¥–æ _—Ä–∞—Å—Å_ .. –Ω—É –≤—Å—ë","—Å","—Å","–∞","—Ä","","","NONLEX","–†–ê–°–°","NONLEX","°"
"33270","","..","..","PUNCT","","","","","","","","","","PUNCT","","",""
"33271","","–Ω—É","–ù–£","PART","","","–Ω–∞–¥–æ —Ä–∞—Å—Å .. _–Ω—É_ –≤—Å—ë –†—É—Å–ª–∞–Ω ,","—É","–Ω","","","","","PART","–ù–£","PART","£"
"33272","","–≤—Å—ë","–í–°–ï","PART","","","—Ä–∞—Å—Å .. –Ω—É _–≤—Å—ë_ –†—É—Å–ª–∞–Ω , –≤—ã—Ö–æ–¥–∏","—ë","—Å","–≤","","","","S","–í–°–ï","S n - nom sg","ï"
"33273","","–†—É—Å–ª–∞–Ω","–†–£–°–õ–ê–ù","S persn m anim","","",".. –Ω—É –≤—Å—ë _–†—É—Å–ª–∞–Ω_ , –≤—ã—Ö–æ–¥–∏ ,","–Ω","–∞","–ª","—Å","—É","—Ä","S","–†–£–°–õ–ê–ù","S m anim nom sg","ù"
"33274","",",",",","PUNCT","","","","","","","","","","PUNCT","","",""
"33275","","–≤—ã—Ö–æ–¥–∏","–í–´–•–û–î–ò–¢–¨","V ipf - sg imper - 2p","","","–≤—Å—ë –†—É—Å–ª–∞–Ω , _–≤—ã—Ö–æ–¥–∏_ , –¥–µ—Ç–∏ –≤—ã—Ö–æ–¥–∏–ª–∏","–∏","–¥","–æ","—Ö","—ã","–≤","V","–í–´–•–û–î–ò–¢–¨","V ipf - sg imper - 2p","¨"
"33276","",",",",","PUNCT","","","","","","","","","","PUNCT","","",""
"33277","","–¥–µ—Ç–∏","–†–ï–ë–ï–ù–û–ö","S m anim nom pl","","",", –≤—ã—Ö–æ–¥–∏ , _–¥–µ—Ç–∏_ –≤—ã—Ö–æ–¥–∏–ª–∏ –∫ –¥–æ—Å–∫–µ","–∏","—Ç","–µ","–¥","","","S","–†–ï–ë–ï–ù–û–ö","S m anim nom pl","ö"
"33278","","–≤—ã—Ö–æ–¥–∏–ª–∏","–í–´–•–û–î–ò–¢–¨","V ipf praet pl indic - -","","","–≤—ã—Ö–æ–¥–∏ , –¥–µ—Ç–∏ _–≤—ã—Ö–æ–¥–∏–ª–∏_ –∫ –¥–æ—Å–∫–µ –∏","–∏","–ª","–∏","–¥","–æ","—Ö","V","–í–´–•–û–î–ò–¢–¨","V ipf praet pl indic - -","¨"
"33279","","–∫","–ö","PR","","",", –¥–µ—Ç–∏ –≤—ã—Ö–æ–¥–∏–ª–∏ _–∫_ –¥–æ—Å–∫–µ –∏ —Ä–∞—Å—Å–∫–∞–∑—ã–≤–∞–ª–∏","–∫","","","","","","PR","–ö","PR","ö"
"33280","","–¥–æ—Å–∫–µ","–î–û–°–ö–ê","S f inan dat sg","","","–¥–µ—Ç–∏ –≤—ã—Ö–æ–¥–∏–ª–∏ –∫ _–¥–æ—Å–∫–µ_ –∏ —Ä–∞—Å—Å–∫–∞–∑—ã–≤–∞–ª–∏ .","–µ","–∫","—Å","–æ","–¥","","S","–î–û–°–ö–ê","S f inan loc sg","ê"
"33281","","–∏","–ò","CONJ","","","–≤—ã—Ö–æ–¥–∏–ª–∏ –∫ –¥–æ—Å–∫–µ _–∏_ —Ä–∞—Å—Å–∫–∞–∑—ã–≤–∞–ª–∏ . ","–∏","","","","","","CONJ","–ò","CONJ","ò"
"33282","","—Ä–∞—Å—Å–∫–∞–∑—ã–≤–∞–ª–∏","–†–ê–°–°–ö–ê–ó–´–í–ê–¢–¨","V ipf praet pl indic - -","","","–∫ –¥–æ—Å–∫–µ –∏ _—Ä–∞—Å—Å–∫–∞–∑—ã–≤–∞–ª–∏_ .  ","–∏","–ª","–∞","–≤","—ã","–∑","V","–†–ê–°–°–ö–ê–ó–´–í–ê–¢–¨","V ipf praet pl indic - -","¨"
"33283","",".",".","PUNCT","","","","","","","","","","PUNCT","","",""
"33284","","","","","","","","","","","","","","","","",""
"33285","# sent = 2541","","","","","","","","","","","","","","","",""
"33286","","–í–æ—Ç","–í–û–¢","PART","","",".   _–í–æ—Ç_ –†—É—Å–ª–∞–Ω —Ä–∞—Å—Å–∫–∞–∑—ã–≤–∞–µ—Ç :","—Ç","–æ","–≤","","","","PART","–í–û–¢","PART","¢"
"33287","","–†—É—Å–ª–∞–Ω","–†–£–°–õ–ê–ù","S persn m anim","","","  –í–æ—Ç _–†—É—Å–ª–∞–Ω_ —Ä–∞—Å—Å–∫–∞–∑—ã–≤–∞–µ—Ç : ¬´","–Ω","–∞","–ª","—Å","—É","—Ä","S","–†–£–°–õ–ê–ù","S m anim nom sg","ù"
"33288","","—Ä–∞—Å—Å–∫–∞–∑—ã–≤–∞–µ—Ç","–†–ê–°–°–ö–ê–ó–´–í–ê–¢–¨","V ipf praes sg indic - 3p","",""," –í–æ—Ç –†—É—Å–ª–∞–Ω _—Ä–∞—Å—Å–∫–∞–∑—ã–≤–∞–µ—Ç_ : ¬´ –ê","—Ç","–µ","–∞","–≤","—ã","–∑","V","–†–ê–°–°–ö–ê–ó–´–í–ê–¢–¨","V ipf praes sg indic - 3p","¨"
"33289","",":",":","PUNCT","","","","","","","","","","PUNCT","","",""
"33290","","¬´","¬´","PUNCT","","","","","","","","","","PUNCT","","",""
"33291","","–ê","–ê","CONJ","","","—Ä–∞—Å—Å–∫–∞–∑—ã–≤–∞–µ—Ç : ¬´ _–ê_ —è —Ä–∞—Å—Å–∫–∞–∂—É –ø—Ä–æ","–∞","","","","","","CONJ","–ê","CONJ","ê"
"33292","","—è","–Ø","SPRO sg 1p - nom","","",": ¬´ –ê _—è_ —Ä–∞—Å—Å–∫–∞–∂—É –ø—Ä–æ –∫—É—Ä–æ—á–∫—É","—è","","","","","","SPRO","–Ø","SPRO sg 1p - nom","Ø"
"33293","","—Ä–∞—Å—Å–∫–∞–∂—É","–†–ê–°–°–ö–ê–ó–ê–¢–¨","V pf fut sg indic - 1p","","","¬´ –ê —è _—Ä–∞—Å—Å–∫–∞–∂—É_ –ø—Ä–æ –∫—É—Ä–æ—á–∫—É –†—è–±—É","—É","–∂","–∞","–∫","—Å","—Å","V","–†–ê–°–°–ö–ê–ó–ê–¢–¨","V pf fut sg indic - 1p","¨"
"33294","","–ø—Ä–æ","–ü–†–û","PR","","","–ê —è —Ä–∞—Å—Å–∫–∞–∂—É _–ø—Ä–æ_ –∫—É—Ä–æ—á–∫—É –†—è–±—É ¬ª","–æ","—Ä","–ø","","","","PR","–ü–†–û","PR","û"
"33295","","–∫—É—Ä–æ—á–∫—É","–ö–£–†–û–ß–ö–ê","S f anim acc sg","","","—è —Ä–∞—Å—Å–∫–∞–∂—É –ø—Ä–æ _–∫—É—Ä–æ—á–∫—É_ –†—è–±—É ¬ª .","—É","–∫","—á","–æ","—Ä","—É","S","–ö–£–†–û–ß–ö–ê","S f anim acc sg","ê"
"33296","","–†—è–±—É","–†–Ø–ë–ê","S zoon f anim acc sg","","","—Ä–∞—Å—Å–∫–∞–∂—É –ø—Ä–æ –∫—É—Ä–æ—á–∫—É _–†—è–±—É_ ¬ª . ","—É","–±","—è","—Ä","","","S","–†–Ø–ë","S f anim acc sg","ê"
"33297","","¬ª","¬ª","PUNCT","","","","","","","","","","PUNCT","","",""
"33298","",".",".","PUNCT","","","","","","","","","","PUNCT","","",""
"33299","","","","","","","","","","","","","","","","",""
"33300","# sent = 2542","","","","","","","","","","","","","","","",""
"33301","","‚Äì","‚Äì","PUNCT","","","","","","","","","","PUNCT","","",""
"33302","","¬´","¬´","PUNCT","","","","","","","","","","PUNCT","","",""
"33303","","–•–æ—Ä–æ—à–æ","–•–û–†–û–®–û","PART","",""," ‚Äì ¬´ _–•–æ—Ä–æ—à–æ_ , –∞ –∫—Ç–æ","–æ","—à","–æ","—Ä","–æ","—Ö","ADV","–•–û–†–û–®–û","ADV -","û"
"33304","",",",",","PUNCT","","","","","","","","","","PUNCT","","",""
"33305","","–∞","–ê","CONJ","","","¬´ –•–æ—Ä–æ—à–æ , _–∞_ –∫—Ç–æ —Ç–µ–±–µ —Ä–∞—Å—Å","–∞","","","","","","CONJ","–ê","CONJ","ê"
"33306","","–∫—Ç–æ","–ö–¢–û","SPRO m - nom sg","","","–•–æ—Ä–æ—à–æ , –∞ _–∫—Ç–æ_ —Ç–µ–±–µ —Ä–∞—Å—Å ..","–æ","—Ç","–∫","","","","S","–ö–¢–û","S m - nom sg","û"
"33307","","—Ç–µ–±–µ","–¢–´","SPRO sg 2p - dat","","",", –∞ –∫—Ç–æ _—Ç–µ–±–µ_ —Ä–∞—Å—Å .. —ç","–µ","–±","–µ","—Ç","","","SPRO","–¢–´","SPRO sg 2p - dat","´"
"33308","","—Ä–∞—Å—Å","–†–ê–°–°","NONLEX","","","–∞ –∫—Ç–æ —Ç–µ–±–µ _—Ä–∞—Å—Å_ .. —ç ..","—Å","—Å","–∞","—Ä","","","NONLEX","–†–ê–°–°","NONLEX","°"
"33309","","..","..","PUNCT","","","","","","","","","","PUNCT","","",""
"33310","","—ç","–≠","INTJ","","","—Ç–µ–±–µ —Ä–∞—Å—Å .. _—ç_ .. —Ä–∞—Å—Å–∫–∞–∑—ã–≤–∞–µ—Ç —Ç—É","—ç","","","","","","INTJ","–≠","INTJ","≠"
"33311","","..","..","PUNCT","","","","","","","","","","PUNCT","","",""
"33312","","—Ä–∞—Å—Å–∫–∞–∑—ã–≤–∞–µ—Ç","–†–ê–°–°–ö–ê–ó–´–í–ê–¢–¨","V ipf praes sg indic - 3p","","",".. —ç .. _—Ä–∞—Å—Å–∫–∞–∑—ã–≤–∞–µ—Ç_ —Ç—É –∫—É—Ä–æ—á–∫—É –†—è–±—É","—Ç","–µ","–∞","–≤","—ã","–∑","V","–†–ê–°–°–ö–ê–ó–´–í–ê–¢–¨","V ipf praes sg indic - 3p","¨"
"33313","","—Ç—É","–¢–û–¢","APRO acc sg f ","","","—ç .. —Ä–∞—Å—Å–∫–∞–∑—ã–≤–∞–µ—Ç _—Ç—É_ –∫—É—Ä–æ—á–∫—É –†—è–±—É ?","—É","—Ç","","","","","A","–¢–û–¢","A - acc sg plen f -","¢"
"33314","","–∫—É—Ä–æ—á–∫—É","–ö–£–†–û–ß–ö–ê","S f anim acc sg","","",".. —Ä–∞—Å—Å–∫–∞–∑—ã–≤–∞–µ—Ç —Ç—É _–∫—É—Ä–æ—á–∫—É_ –†—è–±—É ? ¬ª","—É","–∫","—á","–æ","—Ä","—É","S","–ö–£–†–û–ß–ö–ê","S f anim acc sg","ê"
"33315","","–†—è–±—É","–†–Ø–ë–ê","S zoon f anim acc sg","","","—Ä–∞—Å—Å–∫–∞–∑—ã–≤–∞–µ—Ç —Ç—É –∫—É—Ä–æ—á–∫—É _–†—è–±—É_ ? ¬ª ","—É","–±","—è","—Ä","","","S","–†–Ø–ë","S f anim acc sg","ê"
"33316","","?","?","PUNCT","","","","","","","","","","PUNCT","","",""
"33317","","¬ª","¬ª","PUNCT","","","","","","","","","","PUNCT","","",""
"33318","","","","","","","","","","","","","","","","",""
"33319","# sent = 2543","","","","","","","","","","","","","","","",""
"33320","","‚Äì","‚Äì","PUNCT","","","","","","","","","","PUNCT","","",""
"33321","","¬´","¬´","PUNCT","","","","","","","","","","PUNCT","","",""
"33322","","–ò","–ò","CONJ","",""," ‚Äì ¬´ _–ò_ –±–∞–±—É—à–∫–∞ , –∏","–∏","","","","","","CONJ","–ò","CONJ","ò"
"33323","","–±–∞–±—É—à–∫–∞","–ë–ê–ë–£–®–ö–ê","S f anim nom sg","","","‚Äì ¬´ –ò _–±–∞–±—É—à–∫–∞_ , –∏ ,","–∞","–∫","—à","—É","–±","–∞","S","–ë–ê–ë–£–®–ö–ê","S f anim nom sg","ê"
"33324","",",",",","PUNCT","","","","","","","","","","PUNCT","","",""
"33325","","–∏","–ò","CONJ","","","–ò –±–∞–±—É—à–∫–∞ , _–∏_ , –∏ –ø–∞–ø–∞","–∏","","","","","","CONJ","–ò","CONJ","ò"
"33326","",",",",","PUNCT","","","","","","","","","","PUNCT","","",""
"33327","","–∏","–ò","CONJ","","",", –∏ , _–∏_ –ø–∞–ø–∞ —Ä–∞—Å—Å–∫–∞–∑—ã–≤–∞–ª ¬ª","–∏","","","","","","CONJ","–ò","CONJ","ò"
"33328","","–ø–∞–ø–∞","–ü–ê–ü–ê","S m anim nom sg","","","–∏ , –∏ _–ø–∞–ø–∞_ —Ä–∞—Å—Å–∫–∞–∑—ã–≤–∞–ª ¬ª .","–∞","–ø","–∞","–ø","","","S","–ü–ê–ü–ê","S m anim nom sg","ê"
"33329","","—Ä–∞—Å—Å–∫–∞–∑—ã–≤–∞–ª","–†–ê–°–°–ö–ê–ó–´–í–ê–¢–¨","V ipf praet sg indic m -","","",", –∏ –ø–∞–ø–∞ _—Ä–∞—Å—Å–∫–∞–∑—ã–≤–∞–ª_ ¬ª . ","–ª","–∞","–≤","—ã","–∑","–∞","V","–†–ê–°–°–ö–ê–ó–´–í–ê–¢–¨","V ipf praet sg indic m -","¨"
"33330","","¬ª","¬ª","PUNCT","","","","","","","","","","PUNCT","","",""
"33331","",".",".","PUNCT","","","","","","","","","","PUNCT","","",""
"33332","","","","","","","","","","","","","","","","",""
"33333","# sent = 2544","","","","","","","","","","","","","","","",""
"33334","","‚Äì","‚Äì","PUNCT","","","","","","","","","","PUNCT","","",""
"33335","","¬´","¬´","PUNCT","","","","","","","","","","PUNCT","","",""
"33336","","–ù—É","–ù–£","PART","",""," ‚Äì ¬´ _–ù—É_ —Ö–æ—Ä–æ—à–æ , —Ä–∞—Å—Å–∫–∞–∑—ã–≤–∞–π","—É","–Ω","","","","","PART","–ù–£","PART","£"
"33337","","—Ö–æ—Ä–æ—à–æ","–•–û–†–û–®–û","PART","","","‚Äì ¬´ –ù—É _—Ö–æ—Ä–æ—à–æ_ , —Ä–∞—Å—Å–∫–∞–∑—ã–≤–∞–π ¬ª","–æ","—à","–æ","—Ä","–æ","—Ö","PART","–•–û–†–û–®–û","PART","û"
"33338","",",",",","PUNCT","","","","","","","","","","PUNCT","","",""
"33339","","—Ä–∞—Å—Å–∫–∞–∑—ã–≤–∞–π","–†–ê–°–°–ö–ê–ó–´–í–ê–¢–¨","V ipf - sg imper - 2p","","","–ù—É —Ö–æ—Ä–æ—à–æ , _—Ä–∞—Å—Å–∫–∞–∑—ã–≤–∞–π_ ¬ª . ","–π","–∞","–≤","—ã","–∑","–∞","V","–†–ê–°–°–ö–ê–ó–´–í–ê–¢–¨","V ipf - sg imper - 2p","¨"
"33340","","¬ª","¬ª","PUNCT","","","","","","","","","","PUNCT","","",""
"33341","",".",".","PUNCT","","","","","","","","","","PUNCT","","",""
"33342","","","","","","","","","","","","","","","","",""
"33343","# sent = 2545","","","","","","","","","","","","","","","",""
"33344","","‚Äì","‚Äì","PUNCT","","","","","","","","","","PUNCT","","",""
"33345","","¬´","¬´","PUNCT","","","","","","","","","","PUNCT","","",""
"33346","","–ñ–∏–ª–∏","–ñ–ò–¢–¨","V ipf praet pl indic - -","—Å–ª–∏—Ç–Ω–æ",""," ‚Äì ¬´ _–ñ–∏–ª–∏_ - –±—ã–ª–∏ ..","–∏","–ª","–∏","–∂","","","V","–ñ–ò–¢–¨","V ipf praet pl indic - -","¨"
"33347","","-","-","PUNCT","","","","","","","","","","PUNCT","","",""
"33348","","–±—ã–ª–∏","–ë–´–¢–¨","V ipf praet pl indic - -","","","¬´ –ñ–∏–ª–∏ - _–±—ã–ª–∏_ .. ‚Äì –Ω–∞—á–∞–ª","–∏","–ª","—ã","–±","","","V","–ë–´–¢–¨","V ipf praet pl indic - -","¨"
"33349","","..","..","PUNCT","","","","","","","","","","PUNCT","","",""
"33350","","‚Äì","‚Äì","PUNCT","","","","","","","","","","PUNCT","","",""
"33351","","–Ω–∞—á–∞–ª","–ù–ê–ß–ê–¢–¨","V m pf praet sg indic 3p","","","–±—ã–ª–∏ .. ‚Äì _–Ω–∞—á–∞–ª_ —Ä–∞—Å—Å–∫–∞–∑—ã–≤–∞—Ç—å , ‚Äì","–ª","–∞","—á","–∞","–Ω","","S","–ù–ê–ß–ê–õ–û","S n inan gen pl","¨"
"33352","","—Ä–∞—Å—Å–∫–∞–∑—ã–≤–∞—Ç—å","–†–ê–°–°–ö–ê–ó–´–í–ê–¢–¨","V ipf - - inf - -","","",".. ‚Äì –Ω–∞—á–∞–ª _—Ä–∞—Å—Å–∫–∞–∑—ã–≤–∞—Ç—å_ , ‚Äì –¥–µ–¥","—å","—Ç","–∞","–≤","—ã","–∑","V","–†–ê–°–°–ö–ê–ó–´–í–ê–¢–¨","V ipf - - inf - -","¨"
"33353","",",",",","PUNCT","","","","","","","","","","PUNCT","","",""
"33354","","‚Äì","‚Äì","PUNCT","","","","","","","","","","PUNCT","","",""
"33355","","–¥–µ–¥","–î–ï–î","S m anim nom sg","","","—Ä–∞—Å—Å–∫–∞–∑—ã–≤–∞—Ç—å , ‚Äì _–¥–µ–¥_ –∏ –±–∞–±–∞ .","–¥","–µ","–¥","","","","S","–î–ï–î","S m anim nom sg","î"
"33356","","–∏","–ò","CONJ","","",", ‚Äì –¥–µ–¥ _–∏_ –±–∞–±–∞ . ","–∏","","","","","","CONJ","–ò","CONJ","ò"
"33357","","–±–∞–±–∞","–ë–ê–ë–ê","S f anim nom sg","","","‚Äì –¥–µ–¥ –∏ _–±–∞–±–∞_ .  ","–∞","–±","–∞","–±","","","S","–ë–ê–ë–ê","S f anim nom sg","ê"
"33358","",".",".","PUNCT","","","","","","","","","","PUNCT","","",""
"33359","","","","","","","","","","","","","","","","",""
"33360","# sent = 2546","","","","","","","","","","","","","","","",""
"33361","","–£","–£","PR","","",".   _–£_ –Ω–∏—Ö –±—ã–ª–∞ ","—É","","","","","","PR","–£","PR","£"
"33362","","–Ω–∏—Ö","–û–ù–ò","SPRO pl - - loc","","","  –£ _–Ω–∏—Ö_ –±—ã–ª–∞  –∫–æ—Ä–æ—á–∫–∞","—Ö","–∏","–Ω","","","","SPRO","–û–ù–ò","SPRO pl - - loc","ò"
"33363","","–±—ã–ª–∞","–ë–´–¢–¨","V ipf praet sg indic f -","",""," –£ –Ω–∏—Ö _–±—ã–ª–∞_  –∫–æ—Ä–æ—á–∫–∞ ","–∞","–ª","—ã","–±","","","V","–ë–´–¢–¨","V ipf praet sg indic f -","¨"
"33364","<distinct form=""","","","","","","","","","","","","","","","",""
"33365","<dist>","–∫–æ—Ä–æ—á–∫–∞","","","","","","","","","","","","","","",""
"33366",""">","","","","","","","","","","","","","","","",""
"33367","","–∫—É—Ä–æ—á–∫–∞","–ö–£–†–û–ß–ö–ê","S f anim nom sg","",""," –∫–æ—Ä–æ—á–∫–∞  _–∫—É—Ä–æ—á–∫–∞_  –†—è–±–∞ .","–∞","–∫","—á","–æ","—Ä","—É","S","–ö–£–†–û–ß–ö–ê","S f anim nom sg","ê"
"33368","</distinct>","","","","","","","","","","","","","","","",""
"33369","","–†—è–±–∞","–†–Ø–ë–ê","S zoon f anim nom sg","",""," –∫—É—Ä–æ—á–∫–∞  _–†—è–±–∞_ .  ","–∞","–±","—è","—Ä","","","A","–†–Ø–ë–û–ô","A - - sg brev f -","ê"
"33370","",".",".","PUNCT","","","","","","","","","","PUNCT","","",""
"33371","","","","","","","","","","","","","","","","",""
"33372","# sent = 2547","","","","","","","","","","","","","","","",""
"33373","","–°–Ω–µ—Å–ª–∞","–°–ù–ï–°–¢–ò","V pf praet sg indic f -","","",".   _–°–Ω–µ—Å–ª–∞_ –∫—É—Ä–æ—á–∫–∞ —è–∏—á–∫–æ ‚Äì","–∞","–ª","—Å","–µ","–Ω","—Å","V","–°–ù–ï–°–¢–ò","V pf praet sg indic f -","ò"
"33374","","–∫—É—Ä–æ—á–∫–∞","–ö–£–†–û–ß–ö–ê","S f anim nom sg","","","  –°–Ω–µ—Å–ª–∞ _–∫—É—Ä–æ—á–∫–∞_ —è–∏—á–∫–æ ‚Äì –æ–Ω–æ","–∞","–∫","—á","–æ","—Ä","—É","S","–ö–£–†–û–ß–ö–ê","S f anim nom sg","ê"
"33375","","—è–∏—á–∫–æ","–Ø–ò–ß–ö–û","S n inan acc sg","",""," –°–Ω–µ—Å–ª–∞ –∫—É—Ä–æ—á–∫–∞ _—è–∏—á–∫–æ_ ‚Äì –æ–Ω–æ –æ–∫–∞–∑–∞–ª–æ—Å—å","–æ","–∫","—á","–∏","—è","","S","–Ø–ò–ß–ö–û","S n inan acc sg","û"
"33376","","‚Äì","‚Äì","PUNCT","","","","","","","","","","PUNCT","","",""
"33377","","–æ–Ω–æ","–û–ù–û","SPRO sg 3p n nom","","","–∫—É—Ä–æ—á–∫–∞ —è–∏—á–∫–æ ‚Äì _–æ–Ω–æ_ –æ–∫–∞–∑–∞–ª–æ—Å—å –∑–æ–ª–æ—Ç–æ–µ .","–æ","–Ω","–æ","","","","SPRO","–û–ù–û","SPRO sg 3p n nom","û"
"33378","","–æ–∫–∞–∑–∞–ª–æ—Å—å","–û–ö–ê–ó–ê–¢–¨–°–Ø","V pf praet sg indic n -","","","—è–∏—á–∫–æ ‚Äì –æ–Ω–æ _–æ–∫–∞–∑–∞–ª–æ—Å—å_ –∑–æ–ª–æ—Ç–æ–µ . ","—å","—Å","–æ","–ª","–∞","–∑","V","–û–ö–ê–ó–ê–¢–¨–°–Ø","V pf praet sg indic n -","Ø"
"33379","","–∑–æ–ª–æ—Ç–æ–µ","–ó–û–õ–û–¢–û–ô","A - nom sg plen n -","","","‚Äì –æ–Ω–æ –æ–∫–∞–∑–∞–ª–æ—Å—å _–∑–æ–ª–æ—Ç–æ–µ_ .  ","–µ","–æ","—Ç","–æ","–ª","–æ","A","–ó–û–õ–û–¢–û–ô","A - nom sg plen n -","ô"
"33380","",".",".","PUNCT","","","","","","","","","","PUNCT","","",""
"33381","","","","","","","","","","","","","","","","",""
"33382","# sent = 2548","","","","","","","","","","","","","","","",""
"33383","","–ù–∞—á–∞–ª–∏","–ù–ê–ß–ê–¢–¨","V pf praet pl indic - -","","",".   _–ù–∞—á–∞–ª–∏_ , —ç—Ç–æ ,","–∏","–ª","–∞","—á","–∞","–Ω","V","–ù–ê–ß–ê–¢–¨","V pf praet pl indic - -","¨"
"33384","",",",",","PUNCT","","","","","","","","","","PUNCT","","",""
"33385","","—ç—Ç–æ","–≠–¢–û","PART","",""," –ù–∞—á–∞–ª–∏ , _—ç—Ç–æ_ , –¥–µ–¥ –±–∏–ª","–æ","—Ç","—ç","","","","SPRO","–≠–¢–û","S n - nom sg","û"
"33386","",",",",","PUNCT","","","","","","","","","","PUNCT","","",""
"33387","","–¥–µ–¥","–î–ï–î","S m anim nom sg","","",", —ç—Ç–æ , _–¥–µ–¥_ –±–∏–ª - –±–∏–ª","–¥","–µ","–¥","","","","S","–î–ï–î","S m anim nom sg","î"
"33388","","–±–∏–ª","–ë–ò–¢–¨","V ipf praet sg indic m -","—Å–ª–∏—Ç–Ω–æ","","—ç—Ç–æ , –¥–µ–¥ _–±–∏–ª_ - –±–∏–ª ‚Äì","–ª","–∏","–±","","","","V","–ë–ò–¢–¨","V ipf praet sg indic m -","¨"
"33389","","-","-","PUNCT","","","","","","","","","","PUNCT","","",""
"33390","","–±–∏–ª","–ë–ò–¢–¨","V ipf praet sg indic m -","","","–¥–µ–¥ –±–∏–ª - _–±–∏–ª_ ‚Äì –Ω–µ —Ä–∞–∑–±–∏–ª","–ª","–∏","–±","","","","V","–ë–ò–¢–¨","V ipf praet sg indic m -","¨"
"33391","","‚Äì","‚Äì","PUNCT","","","","","","","","","","PUNCT","","",""
"33392","","–Ω–µ","–ù–ï","PART","","","- –±–∏–ª ‚Äì _–Ω–µ_ —Ä–∞–∑–±–∏–ª , –±–∞–±–∞","–µ","–Ω","","","","","PART","–ù–ï","PART","ï"
"33393","","—Ä–∞–∑–±–∏–ª","–†–ê–ó–ë–ò–¢–¨","V pf praet sg indic m -","","","–±–∏–ª ‚Äì –Ω–µ _—Ä–∞–∑–±–∏–ª_ , –±–∞–±–∞ –±–∏–ª–∞","–ª","–∏","–±","–∑","–∞","—Ä","V","–†–ê–ó–ë–ò–¢–¨","V pf praet sg indic m -","¨"
"33394","",",",",","PUNCT","","","","","","","","","","PUNCT","","",""
"33395","","–±–∞–±–∞","–ë–ê–ë–ê","S f anim nom sg","","","–Ω–µ —Ä–∞–∑–±–∏–ª , _–±–∞–±–∞_ –±–∏–ª–∞ - –±–∏–ª–∞","–∞","–±","–∞","–±","","","S","–ë–ê–ë–ê","S f anim nom sg","ê"
"33396","","–±–∏–ª–∞","–ë–ò–¢–¨","V ipf praet sg indic f -","—Å–ª–∏—Ç–Ω–æ","","—Ä–∞–∑–±–∏–ª , –±–∞–±–∞ _–±–∏–ª–∞_ - –±–∏–ª–∞ ‚Äì","–∞","–ª","–∏","–±","","","V","–ë–ò–¢–¨","V ipf praet sg indic f -","¨"
"33397","","-","-","PUNCT","","","","","","","","","","PUNCT","","",""
"33398","","–±–∏–ª–∞","–ë–ò–¢–¨","V ipf praet sg indic f -","","","–±–∞–±–∞ –±–∏–ª–∞ - _–±–∏–ª–∞_ ‚Äì –Ω–µ —Ä–∞–∑–±–∏–ª–∞","–∞","–ª","–∏","–±","","","V","–ë–ò–¢–¨","V ipf praet sg indic f -","¨"
"33399","","‚Äì","‚Äì","PUNCT","","","","","","","","","","PUNCT","","",""
"33400","","–Ω–µ","–ù–ï","PART","","","- –±–∏–ª–∞ ‚Äì _–Ω–µ_ —Ä–∞–∑–±–∏–ª–∞ . ","–µ","–Ω","","","","","PART","–ù–ï","PART","ï"
"33401","","—Ä–∞–∑–±–∏–ª–∞","–†–ê–ó–ë–ò–¢–¨","V pf praet sg indic f -","","","–±–∏–ª–∞ ‚Äì –Ω–µ _—Ä–∞–∑–±–∏–ª–∞_ .  ","–∞","–ª","–∏","–±","–∑","–∞","V","–†–ê–ó–ë–ò–¢–¨","V pf praet sg indic f -","¨"
"33402","",".",".","PUNCT","","","","","","","","","","PUNCT","","",""
"33403","","","","","","","","","","","","","","","","",""
"33404","# sent = 2549","","","","","","","","","","","","","","","",""
"33405","","–ê","–ê","CONJ","","",".   _–ê_ –∫–∞–∫–∞—è-—Ç–æ –º–∞–ª–µ–Ω—å–∫–∞—è –º—ã—à—å","–∞","","","","","","CONJ","–ê","CONJ","ê"
"33406","","–∫–∞–∫–∞—è-—Ç–æ","–ö–ê–ö–û–ô-–¢–û","APRO - nom sg plen f -","","","  –ê _–∫–∞–∫–∞—è-—Ç–æ_ –º–∞–ª–µ–Ω—å–∫–∞—è –º—ã—à—å –±–µ–∂–∞–ª–∞","–æ","—Ç","-","—è","–∞","–∫","APRO","–ö–ê–ö–û–ô-–¢–û","A - nom sg plen f -","û"
"33407","","–º–∞–ª–µ–Ω—å–∫–∞—è","–ú–ê–õ–ï–ù–¨–ö–ò–ô","A - nom sg plen f -","",""," –ê –∫–∞–∫–∞—è-—Ç–æ _–º–∞–ª–µ–Ω—å–∫–∞—è_ –º—ã—à—å –±–µ–∂–∞–ª–∞ ,","—è","–∞","–∫","—å","–Ω","–µ","A","–ú–ê–õ–ï–ù–¨–ö–ò–ô","A - nom sg plen f -","ô"
"33408","","–º—ã—à—å","–ú–´–®–¨","S f anim nom sg","","","–ê –∫–∞–∫–∞—è-—Ç–æ –º–∞–ª–µ–Ω—å–∫–∞—è _–º—ã—à—å_ –±–µ–∂–∞–ª–∞ , —Ö–≤–æ—Å—Ç–æ–º","—å","—à","—ã","–º","","","S","–ú–´–®–¨","S f anim nom sg","¨"
"33409","","–±–µ–∂–∞–ª–∞","–ë–ï–ñ–ê–¢–¨","V ipf praet sg indic f -","","","–∫–∞–∫–∞—è-—Ç–æ –º–∞–ª–µ–Ω—å–∫–∞—è –º—ã—à—å _–±–µ–∂–∞–ª–∞_ , —Ö–≤–æ—Å—Ç–æ–º –º–∞—Ö–Ω—É–ª–∞","–∞","–ª","–∞","–∂","–µ","–±","V","–ë–ï–ñ–ê–¢–¨","V ipf praet sg indic f -","¨"
"33410","",",",",","PUNCT","","","","","","","","","","PUNCT","","",""
"33411","","—Ö–≤–æ—Å—Ç–æ–º","–•–í–û–°–¢","S m inan ins sg","","","–º—ã—à—å –±–µ–∂–∞–ª–∞ , _—Ö–≤–æ—Å—Ç–æ–º_ –º–∞—Ö–Ω—É–ª–∞ , —è–∏—á–∫–æ","–º","–æ","—Ç","—Å","–æ","–≤","S","–•–í–û–°–¢","S m inan ins sg","¢"
"33412","","–º–∞—Ö–Ω—É–ª–∞","–ú–ê–•–ù–£–¢–¨","V pf praet sg indic f -","","","–±–µ–∂–∞–ª–∞ , —Ö–≤–æ—Å—Ç–æ–º _–º–∞—Ö–Ω—É–ª–∞_ , —è–∏—á–∫–æ —É–ø–∞–ª–æ","–∞","–ª","—É","–Ω","—Ö","–∞","V","–ú–ê–•–ù–£–¢–¨","V pf praet sg indic f -","¨"
"33413","",",",",","PUNCT","","","","","","","","","","PUNCT","","",""
"33414","","—è–∏—á–∫–æ","–Ø–ò–ß–ö–û","S n inan acc sg","","","—Ö–≤–æ—Å—Ç–æ–º –º–∞—Ö–Ω—É–ª–∞ , _—è–∏—á–∫–æ_ —É–ø–∞–ª–æ –∏ —Ä–∞–∑–±–∏–ª–æ—Å—å","–æ","–∫","—á","–∏","—è","","S","–Ø–ò–ß–ö–û","S n inan acc sg","û"
"33415","","—É–ø–∞–ª–æ","–£–ü–ê–°–¢–¨","V pf praet sg indic n -","","","–º–∞—Ö–Ω—É–ª–∞ , —è–∏—á–∫–æ _—É–ø–∞–ª–æ_ –∏ —Ä–∞–∑–±–∏–ª–æ—Å—å .","–æ","–ª","–∞","–ø","—É","","V","–£–ü–ê–°–¢–¨","V pf praet sg indic n -","¨"
"33416","","–∏","–ò","CONJ","","",", —è–∏—á–∫–æ —É–ø–∞–ª–æ _–∏_ —Ä–∞–∑–±–∏–ª–æ—Å—å . ","–∏","","","","","","CONJ","–ò","CONJ","ò"
"33417","","—Ä–∞–∑–±–∏–ª–æ—Å—å","–†–ê–ó–ë–ò–¢–¨–°–Ø","V pf praet sg indic n -","","","—è–∏—á–∫–æ —É–ø–∞–ª–æ –∏ _—Ä–∞–∑–±–∏–ª–æ—Å—å_ .  ","—å","—Å","–æ","–ª","–∏","–±","V","–†–ê–ó–ë–ò–¢–¨–°–Ø","V pf praet sg indic n -","Ø"
"33418","",".",".","PUNCT","","","","","","","","","","PUNCT","","",""
"33419","","","","","","","","","","","","","","","","",""
"33420","# sent = 2550","","","","","","","","","","","","","","","",""
"33421","","–í–æ—Ç","–í–û–¢","PART","","",".   _–í–æ—Ç_ –∏ –Ω–∞—á–∞–ª–∏ —Ä–µ–≤–µ—Ç—å","—Ç","–æ","–≤","","","","PART","–í–û–¢","PART","¢"
"33422","","–∏","–ò","CONJ","","","  –í–æ—Ç _–∏_ –Ω–∞—á–∞–ª–∏ —Ä–µ–≤–µ—Ç—å :","–∏","","","","","","CONJ","–ò","CONJ","ò"
"33423","","–Ω–∞—á–∞–ª–∏","–ù–ê–ß–ê–¢–¨","V pf praet pl indic - -","",""," –í–æ—Ç –∏ _–Ω–∞—á–∞–ª–∏_ —Ä–µ–≤–µ—Ç—å : –¥–µ–¥","–∏","–ª","–∞","—á","–∞","–Ω","V","–ù–ê–ß–ê–¢–¨","V pf praet pl indic - -","¨"
"33424","","—Ä–µ–≤–µ—Ç—å","–†–ï–í–ï–¢–¨","V ipf - - inf - -","","","–í–æ—Ç –∏ –Ω–∞—á–∞–ª–∏ _—Ä–µ–≤–µ—Ç—å_ : –¥–µ–¥ —Ä–µ–≤–µ–ª","—å","—Ç","–µ","–≤","–µ","—Ä","V","–†–ï–í–ï–¢–¨","V ipf - - inf - -","¨"
"33425","",":",":","PUNCT","","","","","","","","","","PUNCT","","",""
"33426","","–¥–µ–¥","–î–ï–î","S m anim nom sg","","","–Ω–∞—á–∞–ª–∏ —Ä–µ–≤–µ—Ç—å : _–¥–µ–¥_ —Ä–µ–≤–µ–ª - —Ä–µ–≤–µ–ª","–¥","–µ","–¥","","","","S","–î–ï–î","S m anim nom sg","î"
"33427","","—Ä–µ–≤–µ–ª","–†–ï–í–ï–¢–¨","V ipf praet sg indic m -","—Å–ª–∏—Ç–Ω–æ","","—Ä–µ–≤–µ—Ç—å : –¥–µ–¥ _—Ä–µ–≤–µ–ª_ - —Ä–µ–≤–µ–ª ,","–ª","–µ","–≤","–µ","—Ä","","V","–†–ï–í–ï–¢–¨","V ipf praet sg indic m -","¨"
"33428","","-","-","PUNCT","","","","","","","","","","PUNCT","","",""
"33429","","—Ä–µ–≤–µ–ª","–†–ï–í–ï–¢–¨","V ipf praet sg indic m -","","","–¥–µ–¥ —Ä–µ–≤–µ–ª - _—Ä–µ–≤–µ–ª_ , –±–∞–±–∞ –Ω–∞—á–∞–ª–∞","–ª","–µ","–≤","–µ","—Ä","","V","–†–ï–í–ï–¢–¨","V ipf praet sg indic m -","¨"
"33430","",",",",","PUNCT","","","","","","","","","","PUNCT","","",""
"33431","","–±–∞–±–∞","–ë–ê–ë–ê","S f anim nom sg","","","- —Ä–µ–≤–µ–ª , _–±–∞–±–∞_ –Ω–∞—á–∞–ª–∞ —Ä–µ–≤–µ—Ç—å .","–∞","–±","–∞","–±","","","S","–ë–ê–ë–ê","S f anim nom sg","ê"
"33432","","–Ω–∞—á–∞–ª–∞","–ù–ê–ß–ê–õ–û","S n inan acc pl","","","—Ä–µ–≤–µ–ª , –±–∞–±–∞ _–Ω–∞—á–∞–ª–∞_ —Ä–µ–≤–µ—Ç—å . ","–∞","–ª","–∞","—á","–∞","–Ω","S","–ù–ê–ß–ê–õ–û","S n inan acc pl","û"
"33433","","—Ä–µ–≤–µ—Ç—å","–†–ï–í–ï–¢–¨","V ipf - - inf - -","","",", –±–∞–±–∞ –Ω–∞—á–∞–ª–∞ _—Ä–µ–≤–µ—Ç—å_ .  ","—å","—Ç","–µ","–≤","–µ","—Ä","V","–†–ï–í–ï–¢–¨","V ipf - - inf - -","¨"
"33434","",".",".","PUNCT","","","","","","","","","","PUNCT","","",""
"33435","","","","","","","","","","","","","","","","",""
"33436","# sent = 2551","","","","","","","","","","","","","","","",""
"33437","","–†–µ–≤–µ–ª–∏","–†–ï–í–ï–¢–¨","V ipf praet pl indic - -","—Å–ª–∏—Ç–Ω–æ","",".   _–†–µ–≤–µ–ª–∏_ - —Ä–µ–≤–µ–ª–∏ .","–∏","–ª","–µ","–≤","–µ","—Ä","V","–†–ï–í–ï–¢–¨","V ipf praet pl indic - -","¨"
"33438","","-","-","PUNCT","","","","","","","","","","PUNCT","","",""
"33439","","—Ä–µ–≤–µ–ª–∏","–†–ï–í–ï–¢–¨","V ipf praet pl indic - -","",""," –†–µ–≤–µ–ª–∏ - _—Ä–µ–≤–µ–ª–∏_ .  ","–∏","–ª","–µ","–≤","–µ","—Ä","V","–†–ï–í–ï–¢–¨","V ipf praet pl indic - -","¨"
"33440","",".",".","PUNCT","","","","","","","","","","PUNCT","","",""
"33441","","","","","","","","","","","","","","","","",""
"33442","# sent = 2552","","","","","","","","","","","","","","","",""
"33443","","–ù—É","–ù–£","PART","—Å–ª–∏—Ç–Ω–æ","",".   _–ù—É_ —á—Ç–æ . ","—É","–Ω","","","","","PART","–ù–£","PART","£"
"33444","","—á—Ç–æ","–ß–¢–û","SPRO inan sg","","","  –ù—É _—á—Ç–æ_ .  ","–æ","—Ç","—á","","","","SPRO","–ß–¢–û","S n - acc sg","û"
"33445","",".",".","PUNCT","","","","","","","","","","PUNCT","","",""
"33446","","","","","","","","","","","","","","","","",""
"33447","# sent = 2553","","","","","","","","","","","","","","","",""
"33448","","–ê","–ê","CONJ","","",".   _–ê_ –∫—É—Ä–æ—á–∫–∞ –†—è–±–∞ —Å–∫–∞–∑–∞–ª–∞","–∞","","","","","","CONJ","–ê","CONJ","ê"
"33449","","–∫—É—Ä–æ—á–∫–∞","–ö–£–†–û–ß–ö–ê","S f anim nom sg","","","  –ê _–∫—É—Ä–æ—á–∫–∞_ –†—è–±–∞ —Å–∫–∞–∑–∞–ª–∞ :","–∞","–∫","—á","–æ","—Ä","—É","S","–ö–£–†–û–ß–ö–ê","S f anim nom sg","ê"
"33450","","–†—è–±–∞","–†–Ø–ë–ê","S zoon f anim nom sg","",""," –ê –∫—É—Ä–æ—á–∫–∞ _–†—è–±–∞_ —Å–∫–∞–∑–∞–ª–∞ : ¬´","–∞","–±","—è","—Ä","","","A","–†–Ø–ë–û–ô","A - - sg brev f -","ê"
"33451","","—Å–∫–∞–∑–∞–ª–∞","–°–ö–ê–ó–ê–¢–¨","V pf praet sg indic f -","","","–ê –∫—É—Ä–æ—á–∫–∞ –†—è–±–∞ _—Å–∫–∞–∑–∞–ª–∞_ : ¬´ –î–∞","–∞","–ª","–∞","–∑","–∞","–∫","V","–°–ö–ê–ó–ê–¢–¨","V pf praet sg indic f -","¨"
"33452","",":",":","PUNCT","","","","","","","","","","PUNCT","","",""
"33453","","¬´","¬´","PUNCT","","","","","","","","","","PUNCT","","",""
"33454","","–î–∞","–î–ê","PART","","","—Å–∫–∞–∑–∞–ª–∞ : ¬´ _–î–∞_ –Ω–µ –ø–ª–∞—á—å—Ç–µ –≤—ã","–∞","–¥","","","","","CONJ","–î–ê","CONJ","ê"
"33455","","–Ω–µ","–ù–ï","PART","","",": ¬´ –î–∞ _–Ω–µ_ –ø–ª–∞—á—å—Ç–µ –≤—ã ,","–µ","–Ω","","","","","PART","–ù–ï","PART","ï"
"33456","","–ø–ª–∞—á—å—Ç–µ","–ü–õ–ê–ö–ê–¢–¨","V ipf - pl imper - 2p","","","¬´ –î–∞ –Ω–µ _–ø–ª–∞—á—å—Ç–µ_ –≤—ã , –Ω–µ","–µ","—Ç","—å","—á","–∞","–ª","V","–ü–õ–ê–ö–ê–¢–¨","V ipf - pl imper - 2p","¨"
"33457","","–≤—ã","–í–´","SPRO pl 2p - nom","","","–î–∞ –Ω–µ –ø–ª–∞—á—å—Ç–µ _–≤—ã_ , –Ω–µ –ø–ª–∞—á—å—Ç–µ","—ã","–≤","","","","","SPRO","–í–´","SPRO pl 2p - nom","´"
"33458","",",",",","PUNCT","","","","","","","","","","PUNCT","","",""
"33459","","–Ω–µ","–ù–ï","PART","","","–ø–ª–∞—á—å—Ç–µ –≤—ã , _–Ω–µ_ –ø–ª–∞—á—å—Ç–µ . ","–µ","–Ω","","","","","PART","–ù–ï","PART","ï"
"33460","","–ø–ª–∞—á—å—Ç–µ","–ü–õ–ê–ö–ê–¢–¨","V ipf - pl imper - 2p","","","–≤—ã , –Ω–µ _–ø–ª–∞—á—å—Ç–µ_ .  ","–µ","—Ç","—å","—á","–∞","–ª","V","–ü–õ–ê–ö–ê–¢–¨","V ipf - pl imper - 2p","¨"
"33461","",".",".","PUNCT","","","","","","","","","","PUNCT","","",""
"33462","","","","","","","","","","","","","","","","",""
"33463","# sent = 2554","","","","","","","","","","","","","","","",""
"33464","","–Ø","–Ø","SPRO sg 1p - nom","","",".   _–Ø_ —Å–Ω–µ—Å—É –≤–∞–º —è–∏—á–∫–æ","—è","","","","","","SPRO","–Ø","SPRO sg 1p - nom","Ø"
"33465","","—Å–Ω–µ—Å—É","–°–ù–ï–°–¢–ò","V pf fut sg indic - 1p","","","  –Ø _—Å–Ω–µ—Å—É_ –≤–∞–º —è–∏—á–∫–æ ,","—É","—Å","–µ","–Ω","—Å","","V","–°–ù–ï–°–¢–ò","V pf fut sg indic - 1p","ò"
"33466","","–≤–∞–º","–í–´","SPRO pl 2p - dat","",""," –Ø —Å–Ω–µ—Å—É _–≤–∞–º_ —è–∏—á–∫–æ , –Ω–µ","–º","–∞","–≤","","","","SPRO","–í–´","SPRO pl 2p - dat","´"
"33467","","—è–∏—á–∫–æ","–Ø–ò–ß–ö–û","S n inan acc sg","","","–Ø —Å–Ω–µ—Å—É –≤–∞–º _—è–∏—á–∫–æ_ , –Ω–µ –∑–æ–ª–æ—Ç–æ–µ","–æ","–∫","—á","–∏","—è","","S","–Ø–ò–ß–ö–û","S n inan acc sg","û"
"33468","",",",",","PUNCT","","","","","","","","","","PUNCT","","",""
"33469","","–Ω–µ","–ù–ï","PART","","","–≤–∞–º —è–∏—á–∫–æ , _–Ω–µ_ –∑–æ–ª–æ—Ç–æ–µ , –∞","–µ","–Ω","","","","","PART","–ù–ï","PART","ï"
"33470","","–∑–æ–ª–æ—Ç–æ–µ","–ó–û–õ–û–¢–û–ô","A - nom sg plen n -","","","—è–∏—á–∫–æ , –Ω–µ _–∑–æ–ª–æ—Ç–æ–µ_ , –∞ –ø—Ä–æ—Å—Ç–æ–µ","–µ","–æ","—Ç","–æ","–ª","–æ","A","–ó–û–õ–û–¢–û–ô","A - nom sg plen n -","ô"
"33471","",",",",","PUNCT","","","","","","","","","","PUNCT","","",""
"33472","","–∞","–ê","CONJ","","","–Ω–µ –∑–æ–ª–æ—Ç–æ–µ , _–∞_ –ø—Ä–æ—Å—Ç–æ–µ ¬ª .","–∞","","","","","","CONJ","–ê","CONJ","ê"
"33473","","–ø—Ä–æ—Å—Ç–æ–µ","–ü–†–û–°–¢–û–ô","A - nom sg plen n -","","","–∑–æ–ª–æ—Ç–æ–µ , –∞ _–ø—Ä–æ—Å—Ç–æ–µ_ ¬ª . ","–µ","–æ","—Ç","—Å","–æ","—Ä","A","–ü–†–û–°–¢–û–ô","A - nom sg plen n -","ô"
"33474","","¬ª","¬ª","PUNCT","","","","","","","","","","PUNCT","","",""
"33475","",".",".","PUNCT","","","","","","","","","","PUNCT","","",""
"33476","","","","","","","","","","","","","","","","",""
"33477","# sent = 2555","","","","","","","","","","","","","","","",""
"33478","","–ê","–ê","PART","","",".   _–ê_ –≤–æ—Ç –¥–∞–ª—å—à–µ –æ–Ω","–∞","","","","","","CONJ","–ê","CONJ","ê"
"33479","","–≤–æ—Ç","–í–û–¢","PART","","","  –ê _–≤–æ—Ç_ –¥–∞–ª—å—à–µ –æ–Ω —Ä–∞—Å—Å–∫–∞–∑—ã–≤–∞–µ—Ç","—Ç","–æ","–≤","","","","PART","–í–û–¢","PART","¢"
"33480","","–¥–∞–ª—å—à–µ","–î–ê–õ–¨–®–ï","ADV","",""," –ê –≤–æ—Ç _–¥–∞–ª—å—à–µ_ –æ–Ω —Ä–∞—Å—Å–∫–∞–∑—ã–≤–∞–µ—Ç ,","–µ","—à","—å","–ª","–∞","–¥","ADV","–î–ê–õ–ï–ö–û","ADV comp","ï"
"33481","","–æ–Ω","–û–ù","SPRO sg 3p m nom","","","–ê –≤–æ—Ç –¥–∞–ª—å—à–µ _–æ–Ω_ —Ä–∞—Å—Å–∫–∞–∑—ã–≤–∞–µ—Ç , –¥–µ–ª–∞–µ—Ç","–Ω","–æ","","","","","SPRO","–û–ù","SPRO sg 3p m nom","ù"
"33482","","—Ä–∞—Å—Å–∫–∞–∑—ã–≤–∞–µ—Ç","–†–ê–°–°–ö–ê–ó–´–í–ê–¢–¨","V ipf praes sg indic - 3p","","","–≤–æ—Ç –¥–∞–ª—å—à–µ –æ–Ω _—Ä–∞—Å—Å–∫–∞–∑—ã–≤–∞–µ—Ç_ , –¥–µ–ª–∞–µ—Ç –≤—ã–≤–æ–¥","—Ç","–µ","–∞","–≤","—ã","–∑","V","–†–ê–°–°–ö–ê–ó–´–í–ê–¢–¨","V ipf praes sg indic - 3p","¨"
"33483","",",",",","PUNCT","","","","","","","","","","PUNCT","","",""
"33484","","–¥–µ–ª–∞–µ—Ç","–î–ï–õ–ê–¢–¨","V ipf praes sg indic - 3p","","","–æ–Ω —Ä–∞—Å—Å–∫–∞–∑—ã–≤–∞–µ—Ç , _–¥–µ–ª–∞–µ—Ç_ –≤—ã–≤–æ–¥ : ¬´","—Ç","–µ","–∞","–ª","–µ","–¥","V","–î–ï–õ–ê–¢–¨","V ipf praes sg indic - 3p","¨"
"33485","","–≤—ã–≤–æ–¥","–í–´–í–û–î","S m inan acc sg","","","—Ä–∞—Å—Å–∫–∞–∑—ã–≤–∞–µ—Ç , –¥–µ–ª–∞–µ—Ç _–≤—ã–≤–æ–¥_ : ¬´ –í–æ—Ç","–¥","–æ","–≤","—ã","–≤","","S","–í–´–í–û–î","S m inan nom sg","î"
"33486","",":",":","PUNCT","","","","","","","","","","PUNCT","","",""
"33487","","¬´","¬´","PUNCT","","","","","","","","","","PUNCT","","",""
"33488","","–í–æ—Ç","–í–û–¢","PART","","","–≤—ã–≤–æ–¥ : ¬´ _–í–æ—Ç_ —è –¥–æ —Å–∏—Ö –ø–æ—Ä –Ω–µ","—Ç","–æ","–≤","","","","PART","–í–û–¢","PART","¢"
"33489","","—è","–Ø","SPRO sg 1p - nom","","",": ¬´ –í–æ—Ç _—è_ –¥–æ —Å–∏—Ö –ø–æ—Ä –Ω–µ –º–æ–≥—É","—è","","","","","","SPRO","–Ø","SPRO sg 1p - nom","Ø"
"33490","","–¥–æ —Å–∏—Ö –ø–æ—Ä","–¥–æ —Å–∏—Ö –ø–æ—Ä","ADV -","","","¬´ –í–æ—Ç —è _–¥–æ —Å–∏—Ö –ø–æ—Ä_ –Ω–µ –º–æ–≥—É –ø–æ–Ω—è—Ç—å","—Ä","–æ","–ø"," ","—Ö","–∏","ADV","–¥–æ —Å–∏—Ö –ø–æ—Ä","ADV -","Ä"
"33491","","–Ω–µ","–ù–ï","PART","","","–í–æ—Ç —è –¥–æ —Å–∏—Ö –ø–æ—Ä _–Ω–µ_ –º–æ–≥—É –ø–æ–Ω—è—Ç—å ,","–µ","–Ω","","","","","PART","–ù–ï","PART","ï"
"33492","","–º–æ–≥—É","–ú–û–ß–¨","V ipf praes sg indic - 1p","","","—è –¥–æ —Å–∏—Ö –ø–æ—Ä –Ω–µ _–º–æ–≥—É_ –ø–æ–Ω—è—Ç—å , –ø–æ—á–µ–º—É","—É","–≥","–æ","–º","","","V","–ú–û–ß–¨","V ipf praes sg indic - 1p","¨"
"33493","","–ø–æ–Ω—è—Ç—å","–ü–û–ù–Ø–¢–¨","V pf - - inf - -","","","–¥–æ —Å–∏—Ö –ø–æ—Ä –Ω–µ –º–æ–≥—É _–ø–æ–Ω—è—Ç—å_ , –ø–æ—á–µ–º—É —è–π—Ü–æ","—å","—Ç","—è","–Ω","–æ","–ø","V","–ü–û–ù–Ø–¢–¨","V pf - - inf - -","¨"
"33494","",",",",","PUNCT","","","","","","","","","","PUNCT","","",""
"33495","","–ø–æ—á–µ–º—É","–ü–û–ß–ï–ú–£","ADV -","","","–º–æ–≥—É –ø–æ–Ω—è—Ç—å , _–ø–æ—á–µ–º—É_ —è–π—Ü–æ —ç—Ç–æ —Ä–∞–∑–±–∏–ª–æ—Å—å","—É","–º","–µ","—á","–æ","–ø","ADV","–ü–û–ß–ï–ú–£","ADV -","£"
"33496","","—è–π—Ü–æ","–Ø–ô–¶–û","S n inan nom sg","","","–ø–æ–Ω—è—Ç—å , –ø–æ—á–µ–º—É _—è–π—Ü–æ_ —ç—Ç–æ —Ä–∞–∑–±–∏–ª–æ—Å—å .","–æ","—Ü","–π","—è","","","S","–Ø–ô–¶–û","S n inan nom sg","û"
"33497","","—ç—Ç–æ","–≠–¢–û","SPRO n - nom sg","","",", –ø–æ—á–µ–º—É —è–π—Ü–æ _—ç—Ç–æ_ —Ä–∞–∑–±–∏–ª–æ—Å—å . ","–æ","—Ç","—ç","","","","SPRO","–≠–¢–û","S n - nom sg","û"
"33498","","—Ä–∞–∑–±–∏–ª–æ—Å—å","–†–ê–ó–ë–ò–¢–¨–°–Ø","V pf praet sg indic n -","","","–ø–æ—á–µ–º—É —è–π—Ü–æ —ç—Ç–æ _—Ä–∞–∑–±–∏–ª–æ—Å—å_ .  ","—å","—Å","–æ","–ª","–∏","–±","V","–†–ê–ó–ë–ò–¢–¨–°–Ø","V pf praet sg indic n -","Ø"
"33499","",".",".","PUNCT","","","","","","","","","","PUNCT","","",""
"33500","","","","","","","","","","","","","","","","",""
"33501","# sent = 2556","","","","","","","","","","","","","","","",""
"33502","","–ù–µ","–ù–ï","PART","","",".   _–ù–µ_ –º–æ–≥—É –ø–æ–Ω—è—Ç—å ,","–µ","–Ω","","","","","PART","–ù–ï","PART","ï"
"33503","","–º–æ–≥—É","–ú–û–ß–¨","V ipf praes sg indic - 1p","","","  –ù–µ _–º–æ–≥—É_ –ø–æ–Ω—è—Ç—å , –≤–µ–¥—å","—É","–≥","–æ","–º","","","V","–ú–û–ß–¨","V ipf praes sg indic - 1p","¨"
"33504","","–ø–æ–Ω—è—Ç—å","–ü–û–ù–Ø–¢–¨","V pf - - inf - -","",""," –ù–µ –º–æ–≥—É _–ø–æ–Ω—è—Ç—å_ , –≤–µ–¥—å –æ–Ω–æ","—å","—Ç","—è","–Ω","–æ","–ø","V","–ü–û–ù–Ø–¢–¨","V pf - - inf - -","¨"
"33505","",",",",","PUNCT","","","","","","","","","","PUNCT","","",""
"33506","","–≤–µ–¥—å","–í–ï–î–¨","PART","","","–º–æ–≥—É –ø–æ–Ω—è—Ç—å , _–≤–µ–¥—å_ –æ–Ω–æ –∑–æ–ª–æ—Ç–æ–µ –±—ã–ª–æ","—å","–¥","–µ","–≤","","","PART","–í–ï–î–¨","PART","¨"
"33507","","–æ–Ω–æ","–û–ù–û","SPRO sg 3p n nom","","","–ø–æ–Ω—è—Ç—å , –≤–µ–¥—å _–æ–Ω–æ_ –∑–æ–ª–æ—Ç–æ–µ –±—ã–ª–æ ¬ª","–æ","–Ω","–æ","","","","SPRO","–û–ù–û","SPRO sg 3p n nom","û"
"33508","","–∑–æ–ª–æ—Ç–æ–µ","–ó–û–õ–û–¢–û–ô","A - nom sg plen n -","","",", –≤–µ–¥—å –æ–Ω–æ _–∑–æ–ª–æ—Ç–æ–µ_ –±—ã–ª–æ ¬ª .","–µ","–æ","—Ç","–æ","–ª","–æ","A","–ó–û–õ–û–¢–û–ô","A - nom sg plen n -","ô"
"33509","","–±—ã–ª–æ","–ë–´–¢–¨","V ipf praet sg indic n -","","","–≤–µ–¥—å –æ–Ω–æ –∑–æ–ª–æ—Ç–æ–µ _–±—ã–ª–æ_ ¬ª . ","–æ","–ª","—ã","–±","","","V","–ë–´–¢–¨","V ipf praet sg indic n -","¨"
"33510","","¬ª","¬ª","PUNCT","","","","","","","","","","PUNCT","","",""
"33511","",".",".","PUNCT","","","","","","","","","","PUNCT","","",""
"33512","","","","","","","","","","","","","","","","",""
"33513","# sent = 2557","","","","","","","","","","","","","","","",""
"33514","","–í–æ—Ç","–í–û–¢","PART","","",".   _–í–æ—Ç_ —Ç–∞–∫ , —Ç–∞–∫–∞—è","—Ç","–æ","–≤","","","","PART","–í–û–¢","PART","¢"
"33515","","—Ç–∞–∫","–¢–ê–ö","ADV -","","","  –í–æ—Ç _—Ç–∞–∫_ , —Ç–∞–∫–∞—è —ç—Ç–∞","–∫","–∞","—Ç","","","","ADV","–¢–ê–ö","ADV -","ö"
"33516","",",",",","PUNCT","","","","","","","","","","PUNCT","","",""
"33517","","—Ç–∞–∫–∞—è","–¢–ê–ö–û–ô","APRO - nom sg plen f -","","","–í–æ—Ç —Ç–∞–∫ , _—Ç–∞–∫–∞—è_ —ç—Ç–∞ –∏—Å—Ç–æ—Ä–∏—è –±—ã–ª–∞","—è","–∞","–∫","–∞","—Ç","","APRO","–¢–ê–ö–û–ô","A - nom sg plen f -","ô"
"33518","","—ç—Ç–∞","–≠–¢–û–¢","APRO - nom sg plen f -","","","—Ç–∞–∫ , —Ç–∞–∫–∞—è _—ç—Ç–∞_ –∏—Å—Ç–æ—Ä–∏—è –±—ã–ª–∞ ,","–∞","—Ç","—ç","","","","APRO","–≠–¢–û–¢","A - nom sg plen f -","¢"
"33519","","–∏—Å—Ç–æ—Ä–∏—è","–ò–°–¢–û–†–ò–Ø","S f inan nom sg","","",", —Ç–∞–∫–∞—è —ç—Ç–∞ _–∏—Å—Ç–æ—Ä–∏—è_ –±—ã–ª–∞ , —è","—è","–∏","—Ä","–æ","—Ç","—Å","S","–ò–°–¢–û–†–ò–Ø","S f inan nom sg","Ø"
"33520","","–±—ã–ª–∞","–ë–´–¢–¨","V ipf praet sg indic f -","","","—Ç–∞–∫–∞—è —ç—Ç–∞ –∏—Å—Ç–æ—Ä–∏—è _–±—ã–ª–∞_ , —è –≤—Å–µ–≥–¥–∞","–∞","–ª","—ã","–±","","","V","–ë–´–¢–¨","V ipf praet sg indic f -","¨"
"33521","",",",",","PUNCT","","","","","","","","","","PUNCT","","",""
"33522","","—è","–Ø","SPRO sg 1p - nom","","","–∏—Å—Ç–æ—Ä–∏—è –±—ã–ª–∞ , _—è_ –≤—Å–µ–≥–¥–∞ –≤—Å–ø–æ–º–∏–Ω–∞—é –µ—ë","—è","","","","","","SPRO","–Ø","SPRO sg 1p - nom","Ø"
"33523","","–≤—Å–µ–≥–¥–∞","–í–°–ï–ì–î–ê","ADV -","","","–±—ã–ª–∞ , —è _–≤—Å–µ–≥–¥–∞_ –≤—Å–ø–æ–º–∏–Ω–∞—é –µ—ë –∏","–∞","–¥","–≥","–µ","—Å","–≤","ADV","–í–°–ï–ì–î–ê","ADV -","ê"
"33524","","–≤—Å–ø–æ–º–∏–Ω–∞—é","–í–°–ü–û–ú–ò–ù–ê–¢–¨","V ipf praes sg indic - 1p","","",", —è –≤—Å–µ–≥–¥–∞ _–≤—Å–ø–æ–º–∏–Ω–∞—é_ –µ—ë –∏ –¥—É–º–∞—é","—é","–∞","–Ω","–∏","–º","–æ","V","–í–°–ü–û–ú–ò–ù–ê–¢–¨","V ipf praes sg indic - 1p","¨"
"33525","","–µ—ë","–û–ù–ê","SPRO sg 3p f acc","","","—è –≤—Å–µ–≥–¥–∞ –≤—Å–ø–æ–º–∏–Ω–∞—é _–µ—ë_ –∏ –¥—É–º–∞—é :","—ë","–µ","","","","","SPRO","–û–ù–ê","SPRO sg 3p f acc","ê"
"33526","","–∏","–ò","CONJ","","","–≤—Å–µ–≥–¥–∞ –≤—Å–ø–æ–º–∏–Ω–∞—é –µ—ë _–∏_ –¥—É–º–∞—é : ¬´","–∏","","","","","","CONJ","–ò","CONJ","ò"
"33527","","–¥—É–º–∞—é","–î–£–ú–ê–¢–¨","V ipf praes sg indic - 1p","","","–≤—Å–ø–æ–º–∏–Ω–∞—é –µ—ë –∏ _–¥—É–º–∞—é_ : ¬´ –í—Å—ë-—Ç–∞–∫–∏","—é","–∞","–º","—É","–¥","","V","–î–£–ú–ê–¢–¨","V ipf praes sg indic - 1p","¨"
"33528","",":",":","PUNCT","","","","","","","","","","PUNCT","","",""
"33529","","¬´","¬´","PUNCT","","","","","","","","","","PUNCT","","",""
"33530","","–í—Å—ë-—Ç–∞–∫–∏","–í–°–ï-–¢–ê–ö–ò","PART","","","–¥—É–º–∞—é : ¬´ _–í—Å—ë-—Ç–∞–∫–∏_ –∫–∞–∫–∞—è –ª–æ–≥–∏–∫–∞ –±—ã–ª–∞","–∏","–∫","–∞","—Ç","-","—ë","PART","–í–°–ï-–¢–ê–ö–ò","PART","ò"
"33531","","–∫–∞–∫–∞—è","–ö–ê–ö–û–ô","APRO - nom sg plen f -","","",": ¬´ –í—Å—ë-—Ç–∞–∫–∏ _–∫–∞–∫–∞—è_ –ª–æ–≥–∏–∫–∞ –±—ã–ª–∞ —É","—è","–∞","–∫","–∞","–∫","","APRO","–ö–ê–ö–û–ô","A - nom sg plen f -","ô"
"33532","","–ª–æ–≥–∏–∫–∞","–õ–û–ì–ò–ö–ê","S f inan nom sg","","","¬´ –í—Å—ë-—Ç–∞–∫–∏ –∫–∞–∫–∞—è _–ª–æ–≥–∏–∫–∞_ –±—ã–ª–∞ —É —ç—Ç–æ–≥–æ","–∞","–∫","–∏","–≥","–æ","–ª","S","–õ–û–ì–ò–ö–ê","S f inan nom sg","ê"
"33533","","–±—ã–ª–∞","–ë–´–¢–¨","V ipf praet sg indic f -","","","–í—Å—ë-—Ç–∞–∫–∏ –∫–∞–∫–∞—è –ª–æ–≥–∏–∫–∞ _–±—ã–ª–∞_ —É —ç—Ç–æ–≥–æ —Ä–µ–±—ë–Ω–∫–∞","–∞","–ª","—ã","–±","","","V","–ë–´–¢–¨","V ipf praet sg indic f -","¨"
"33534","","—É","–£","PR","","","–∫–∞–∫–∞—è –ª–æ–≥–∏–∫–∞ –±—ã–ª–∞ _—É_ —ç—Ç–æ–≥–æ —Ä–µ–±—ë–Ω–∫–∞ ¬ª","—É","","","","","","PR","–£","PR","£"
"33535","","—ç—Ç–æ–≥–æ","–≠–¢–û–¢","APRO - gen sg plen m -","","","–ª–æ–≥–∏–∫–∞ –±—ã–ª–∞ —É _—ç—Ç–æ–≥–æ_ —Ä–µ–±—ë–Ω–∫–∞ ¬ª .","–æ","–≥","–æ","—Ç","—ç","","APRO","–≠–¢–û–¢","A - acc sg plen m anim","¢"
"33536","","—Ä–µ–±—ë–Ω–∫–∞","–†–ï–ë–ï–ù–û–ö","S m anim gen sg","","","–±—ã–ª–∞ —É —ç—Ç–æ–≥–æ _—Ä–µ–±—ë–Ω–∫–∞_ ¬ª . ","–∞","–∫","–Ω","—ë","–±","–µ","S","–†–ï–ë–ï–ù–û–ö","S m anim gen sg","ö"
"33537","","¬ª","¬ª","PUNCT","","","","","","","","","","PUNCT","","",""
"33538","",".",".","PUNCT","","","","","","","","","","PUNCT","","",""
"","","","","","","","","","","","","","","","","",""
"","","","","","","","","","","","","","","","","",""
"","","","","","","","","","","","","","","","","",""
"","","","","","","","","","","","","","","","","",""
"","","","","","","","","","","","","","","","","",""
"","","","","","","","","","","","","","","","","",""
"","","","","","","","","","","","","","","","","",""
"","","","","","","","","","","","","","","","","",""
"","","","","","","","","","","","","","","","","",""
"","","","","","","","","","","","","","","","","",""
